model_name,total_games,black_llm_wins,white_rand_wins,draws,black_llm_win_rate,std_dev_black_llm_win_rate,moe_black_llm_win_rate,black_llm_loss_rate,std_dev_black_llm_loss_rate,moe_black_llm_loss_rate,draw_rate,std_dev_draw_rate,moe_draw_rate,black_llm_wins_percent,black_llm_draws_percent,white_rand_wins_percent,llm_total_moves,average_moves,std_dev_moves,moe_avg_moves,llm_wrong_actions,llm_wrong_moves,wrong_actions_per_100moves,wrong_moves_per_100moves,wrong_actions_per_1000moves,wrong_moves_per_1000moves,mistakes_per_1000moves,std_dev_wrong_actions_per_1000moves,std_dev_wrong_moves_per_1000moves,std_dev_mistakes_per_1000moves,moe_wrong_actions_per_1000moves,moe_wrong_moves_per_1000moves,moe_mistakes_per_1000moves,llm_avg_material,llm_std_dev_material,rand_avg_material,rand_std_dev_material,material_diff_llm_minus_rand,material_diff_llm_minus_rand_per_100moves,moe_material_diff_llm_minus_rand,completion_tokens_black,completion_tokens_black_per_move,std_dev_completion_tokens_black_per_move,moe_completion_tokens_black_per_move,min_moves,max_moves,prompt_tokens_black,total_tokens_black
amazon.nova-lite-v1,42,0,42,0,0.0,0.0,0.0,1.0,0.0,0.0,0.0,0.0,0.0,0.0,0.0,100.0,194,4.619047619047619,2.59410571039453,0.7845472344885497,50,46,42.46031746031746,19.682539682539684,424.6031746031746,196.82539682539684,621.4285714285714,571.9888529534079,250.8856425276912,533.0129336671354,172.98920045730304,75.87649039485267,161.20153522640408,38.95238095238095,0.21554026870452117,38.92857142857143,0.4629100498862757,0.023809523809523808,0.11904761904761914,0.15648233404192521,103670,534.3814432989691,627.8322922095701,189.87818676853868,2,12,502116,605786
amazon.nova-pro-v1,33,0,33,0,0.0,0.0,0.0,1.0,0.0,0.0,0.0,0.0,0.0,0.0,0.0,100.0,388,11.757575757575758,8.287906487128938,2.8277690947564778,11,88,4.949494949494949,32.76307026307026,49.494949494949495,327.6307026307026,377.12565212565215,105.26379301321333,206.79844217770906,218.26591789169697,35.915185715702044,70.5580166163876,74.47062994874662,38.45454545454545,1.2769815261709223,38.90909090909091,0.2919371040605711,-0.45454545454545453,-1.5523365523365524,0.40090909090909094,68751,177.19329896907217,52.94316233422971,18.063794332128413,4,36,307823,376574
anthropic.claude-v3-5-sonnet,30,0,8,22,0.0,0.0,0.0,0.26666666666666666,0.08073734277593311,0.15824519184082889,0.7333333333333333,0.08073734277593311,0.15824519184082889,0.0,73.33333333333333,26.666666666666668,5148,171.6,55.14845169302517,19.734619989119185,0,12,0.0,1.4657738095238095,0.0,14.657738095238095,14.657738095238095,0.0,55.73599150948611,55.73599150948611,0.0,19.944868412245814,19.944868412245814,15.8,9.918286837609783,22.5,11.840171247596624,-6.7,-3.695372321781311,3.6748235206668056,417373,81.07478632478633,8.50511825579201,3.0435174803249008,10,200,2997738,3415111
anthropic.claude-v3-5-sonnet-v1,60,4,8,48,0.06666666666666667,0.03220305943597653,0.063117996494514,0.13333333333333333,0.043885372573625556,0.08601533024430609,0.8,0.05163977794943222,0.10121396478088715,6.666666666666667,80.0,13.333333333333334,11003,183.38333333333333,40.11766239648308,10.151169172222898,0,3,0.0,0.16666666666666666,0.0,1.6666666666666667,1.6666666666666667,0.0,12.909944487358056,12.909944487358056,0.0,3.266666666666666,3.266666666666666,13.2,8.297028261136736,17.366666666666667,9.425832996802766,-4.166666666666667,-1.9325398324516605,3.0048638788338065,884906,80.42406616377352,5.064480264512477,1.28149031781466,30,200,6420741,7305647
anthropic.claude-v3-5-sonnet-v2,60,2,5,53,0.03333333333333333,0.023174059571793568,0.04542115676071539,0.08333333333333333,0.03568120160740314,0.06993515515051014,0.8833333333333333,0.04144384867012948,0.08122994339345378,3.3333333333333335,88.33333333333333,8.333333333333332,11292,188.2,37.12498359298844,9.393916954679366,0,8,0.0,0.29828722002635044,0.0,2.9828722002635044,2.9828722002635044,0.0,18.02752921236788,18.02752921236788,0.0,4.561594266967543,4.561594266967543,10.816666666666666,7.740476196682762,13.833333333333334,8.843587481787162,-3.0166666666666666,-0.5113419411810575,2.559978723722791,1025929,90.8544987601842,4.514625535478015,1.142357874866914,22,200,6510330,7536259
anthropic.claude-v3-haiku,40,0,40,0,0.0,0.0,0.0,1.0,0.0,0.0,0.0,0.0,0.0,0.0,0.0,100.0,1334,33.35,25.662054197609077,7.952752988906678,7,4,1.3203463203463202,1.3541666666666665,13.203463203463203,13.541666666666666,26.74512987012987,56.50616801833102,64.26461887630113,99.02084753056842,17.511442893036733,19.915811723952693,30.686878575611857,36.725,3.389179614823986,37.15,3.731707521449266,-0.425,-1.1710852516809853,1.0732781200960555,280994,210.64017991004496,261.9015177634043,81.16412124116572,2,98,2052970,2333964
anthropic.claude-v3-opus,30,0,5,25,0.0,0.0,0.0,0.16666666666666666,0.06804138174397717,0.13336110821819525,0.8333333333333334,0.06804138174397716,0.13336110821819522,0.0,83.33333333333334,16.666666666666664,4968,165.6,66.45900992341069,23.78205127121432,1,7,0.18518518518518517,0.7457634521313766,1.8518518518518516,7.457634521313766,9.309486373165617,10.143010324169742,26.144327998793642,34.402707771246014,3.6296296296296293,9.355627621225407,12.310850869238884,15.633333333333333,10.479810913447302,21.633333333333333,10.189525836937124,-6,-3.349803552340468,3.1590075554883033,361980,72.8623188405797,13.503885685843564,4.832303432016992,18,200,2833235,3195215
deepseek-chat,70,0,68,2,0.0,0.0,0.0,0.9714285714285714,0.019912344355347705,0.0390281949364815,0.02857142857142857,0.019912344355347705,0.0390281949364815,0.0,2.857142857142857,97.14285714285714,4043,57.75714285714286,50.62863820221891,11.860508178862721,10,180,0.19779146503284434,9.634064766615486,1.9779146503284433,96.34064766615487,98.31856231648331,8.077224916853897,89.77810091878845,88.87214958563503,1.8922095397118697,21.03184952312989,20.819617008528166,32.17142857142857,9.02006045895646,30.52857142857143,8.534196223194275,1.6428571428571428,3.5272572014318335,1.424718024479006,998322,246.92604501607718,35.93824965811299,8.419067135512611,8,200,2614032,3612354
deepseek-r1-distill-qwen-14b@q8_0,30,0,30,0,0.0,0.0,0.0,1.0,0.0,0.0,0.0,0.0,0.0,0.0,0.0,100.0,78,2.6,1.0699661612438482,0.3828824734899041,82,8,117.5,11.666666666666666,1175.0,116.66666666666667,1291.6666666666667,460.27540481309893,333.0458530441192,354.0610051986788,164.70743829555803,119.17892791193225,126.69910352977656,39,0.0,39,0.0,0,0.0,0.0,239699,3073.0641025641025,823.912248869868,294.8332117524135,2,6,175575,415274
deepseek-r1-distill-qwen-32b@q4_k_m|isol_temp06,30,0,30,0,0.0,0.0,0.0,1.0,0.0,0.0,0.0,0.0,0.0,0.0,0.0,100.0,110,3.6666666666666665,2.3537692930823684,0.8422855241630117,73,7,89.44444444444444,6.583333333333333,894.4444444444445,65.83333333333333,960.2777777777778,495.32939876636414,141.79929559022872,487.52484627386434,177.25134893187538,50.74222625096592,174.45852569031015,39,0.0,38.96666666666667,0.18257418583505536,0.03333333333333333,0.3333333333333333,0.06533333333333333,239121,2173.827272727273,1144.9553974159164,409.7170270212998,2,10,218374,457495
deepseek-r1-distill-qwen-32b@q4_k_m|noisol_temp03,44,0,43,1,0.0,0.0,0.0,0.9772727272727273,0.022467523936912745,0.04403634691634898,0.022727272727272728,0.022467523936912755,0.044036346916349,0.0,2.272727272727273,97.72727272727273,153,3.477272727272727,1.6493640263240628,0.4873559259696588,92,24,75.09469696969697,13.825757575757576,750.9469696969697,138.25757575757575,889.2045454545455,532.721960355369,214.8727026987044,466.83821440459513,157.40928026179242,63.490826353669526,137.94187737090354,39,0.0,39,0.0,0,0.0,0.0,328701,2148.372549019608,825.5011176731681,243.9199929012819,1,8,310199,638900
deepseek-r1-distill-qwen-32b@q4_k_m|noisol_temp06,34,0,34,0,0.0,0.0,0.0,1.0,0.0,0.0,0.0,0.0,0.0,0.0,0.0,100.0,114,3.3529411764705883,1.756069180337696,0.5902802244869488,81,18,88.48039215686275,18.137254901960784,884.8039215686274,181.37254901960785,1066.1764705882354,534.092225971078,366.10987812400293,452.5132826169211,179.52827973571985,123.06315916572719,152.10655994490864,39,0.0,39,0.0,0,0.0,0.0,252227,2212.5175438596493,683.2438583762847,229.66369583692938,2,8,191512,443739
deepseek-reasoner,31,7,18,6,0.22580645161290322,0.07509518648353262,0.14718656550772394,0.5806451612903226,0.08862686513992751,0.17370865567425792,0.1935483870967742,0.07095828146194513,0.13907823166541247,22.58064516129032,19.35483870967742,58.06451612903226,2845,91.7741935483871,65.01728471589657,22.88780015438446,9,44,0.6105746600504369,4.682528268877056,6.105746600504369,46.825282688770564,52.93102928927493,21.376097030887802,91.35084715691808,93.1891270955697,7.524950312237051,32.15790912827924,32.80503218251817,21.93548387096774,13.971245432127057,10.806451612903226,14.005759184084976,11.129032258064516,17.038444469706075,3.6034642290753296,13044247,4584.972583479789,541.9301647227277,190.77372058839293,4,200,901267,13945514
gemini-1.5-flash-001,30,0,20,10,0.0,0.0,0.0,0.6666666666666666,0.08606629658238704,0.1686899413014786,0.3333333333333333,0.08606629658238704,0.1686899413014786,0.0,33.33333333333333,66.66666666666666,2524,84.13333333333334,93.69750790979313,33.52922259395211,18,36,11.457671957671957,22.915343915343914,114.57671957671957,229.15343915343914,343.73015873015873,112.80007543582951,225.60015087165903,338.40022630748854,40.364988592265625,80.72997718453125,121.09496577679688,29.266666666666666,12.119899092937553,35.666666666666664,6.0477030882540985,-6.4,-3.314049391468746,3.1275403136959086,50265,19.914817749603802,12.328690894672645,4.41176537691356,4,200,1234960,1285225
gemini-1.5-pro-preview-0409,40,0,37,3,0.0,0.0,0.0,0.925,0.041645828122394195,0.08162582311989262,0.075,0.04164582812239421,0.08162582311989265,0.0,7.5,92.5,2626,65.65,59.73383270166723,18.51170654145433,14,71,0.4732730371931678,7.771717780731329,4.7327303719316784,77.71717780731329,82.44990817924497,8.100323910525935,76.13134525043243,72.66287792474854,2.510316387553625,23.59334832775283,22.518459167327492,29.75,9.662908199491232,33.075,7.169692265326817,-3.325,-3.83699709622505,2.355334975359948,35145,13.383472962680884,1.142822376876253,0.3541643238497577,5,200,1665689,1700834
gemini-2.0-flash-001,67,3,41,23,0.04477611940298507,0.02526611161284531,0.049521578761176806,0.6119402985074627,0.05953418302796191,0.11668699873480534,0.34328358208955223,0.058006685713137024,0.11369310399774857,4.477611940298507,34.32835820895522,61.19402985074627,10640,158.80597014925374,45.50399210124987,10.89602696476666,18,95,0.21359906619745536,1.1927216140577819,2.1359906619745535,11.927216140577817,14.063206802552372,5.861198205626091,16.670246427749056,17.55504669712055,1.403476282965285,3.9917256969871366,4.203592989246968,14.671641791044776,6.749608427927376,16.65671641791045,9.248345042461562,-1.9850746268656716,-2.5153759683125876,2.288594271817639,997754,93.77387218045112,12.805319695384961,3.0662608323004634,26,200,5850859,6848613
gemini-2.0-flash-exp,30,0,28,2,0.0,0.0,0.0,0.9333333333333333,0.045542003404264876,0.08926232667235916,0.06666666666666667,0.04554200340426488,0.08926232667235917,0.0,6.666666666666667,93.33333333333333,2576,85.86666666666666,73.62333463175143,26.34577194255355,0,81,0.0,11.739474439973138,0.0,117.39474439973138,117.39474439973138,0.0,131.05901167444793,131.05901167444793,0.0,46.898865011506324,46.898865011506324,26.933333333333334,12.25007623715428,27.166666666666668,12.512292806051487,-0.23333333333333334,-1.2193564485896013,1.8811008597213612,433155,168.15023291925465,44.933603117283866,16.07928337131627,6,200,1720039,2153194
gemini-2.0-flash-lite-preview-02-05,39,0,39,0,0.0,0.0,0.0,1.0,0.0,0.0,0.0,0.0,0.0,0.0,0.0,100.0,1999,51.256410256410255,47.422911378538686,14.883736764331012,21,93,1.7163418704749316,14.038190359021359,17.163418704749315,140.3819035902136,157.54532229496292,30.4015560604904,215.36581767188622,212.42111586641843,9.541564287745643,67.5928163219834,66.66861818129593,32.794871794871796,8.529143497381222,34.23076923076923,6.84974658947913,-1.435897435897436,-1.8516278348420254,1.638422260188671,287863,144.00350175087544,26.603699738083733,8.349602593950689,4,192,1158414,1446277
gemini-2.0-flash-thinking-exp-01-21,33,0,33,0,0.0,0.0,0.0,1.0,0.0,0.0,0.0,0.0,0.0,0.0,0.0,100.0,1341,40.63636363636363,25.123219068495906,8.571846527590305,7,1,4.9629820936639115,0.06184291898577613,49.62982093663912,0.6184291898577613,50.24825012649688,260.95849749470597,3.55260522358567,260.861371374793,89.03700534937455,1.2121212121212122,89.00386667429298,33.21212121212121,6.989982008907353,33.72727272727273,6.969902829634388,-0.5151515151515151,-0.7686419219269546,1.8415713237103288,23829,17.76957494407159,25.800191931755634,8.802824391986771,2,119,625305,649134
gemini-2.0-flash-thinking-exp-1219,30,0,30,0,0.0,0.0,0.0,1.0,0.0,0.0,0.0,0.0,0.0,0.0,0.0,100.0,70,2.3333333333333335,0.9222660747548281,0.3300286763344439,89,1,138.61111111111111,0.5555555555555555,1386.111111111111,5.555555555555555,1391.6666666666667,302.83093842426683,30.429030972509228,283.7809176026505,108.36665957581356,10.888888888888888,101.54969717418454,39,0.0,39,0.0,0,0.0,0.0,50718,724.5428571428571,218.76937952835388,78.2856170519377,2,6,224271,274989
gemma-2-27b-it@q6_k_l,30,0,22,8,0.0,0.0,0.0,0.7333333333333333,0.08073734277593311,0.15824519184082889,0.26666666666666666,0.08073734277593311,0.15824519184082889,0.0,26.666666666666668,73.33333333333333,3268,108.93333333333334,70.56419592914268,25.251073216902363,8,52,0.3831407649251797,4.8078261437633945,3.831407649251797,48.07826143763394,51.90966908688574,8.09218553572312,69.5850841958457,69.63566615943594,2.8957514041892853,24.9007025829078,24.91880310611584,25.466666666666665,11.717164931116592,26.333333333333332,10.306788299827996,-0.8666666666666667,1.3392604995286117,2.669171283562778,179885,55.04436964504284,7.627197066843112,2.7293574175775106,10,200,2028385,2208270
gemma-2-9b-it-8bit,30,0,26,4,0.0,0.0,0.0,0.8666666666666667,0.06206328908341751,0.12164404660349831,0.13333333333333333,0.06206328908341752,0.12164404660349833,0.0,13.333333333333334,86.66666666666667,2075,69.16666666666667,72.83333990899257,26.06307596164304,45,31,16.366922692296473,7.1240543444811735,163.66922692296475,71.24054344481173,234.90977036777647,372.22554089131256,113.8875229408837,378.2574577493639,133.19919914747922,40.754126684297944,135.3576928738708,32,9.180188563911175,34.13333333333333,7.7581251438170575,-2.1333333333333333,-3.0559760306903234,1.8045446926836475,120608,58.12433734939759,13.096960671444986,4.686687185745504,2,200,1201066,1321674
gemma2-9b-it,35,0,35,0,0.0,0.0,0.0,1.0,0.0,0.0,0.0,0.0,0.0,0.0,0.0,100.0,516,14.742857142857142,15.897359856912344,5.266802758231758,83,22,41.48091421576605,6.174548926428625,414.8091421576605,61.745489264286256,476.55463142194674,479.25786143819266,85.57500964607492,463.0309225488192,158.7783537169787,28.35104073231911,153.40236127109787,38.714285714285715,1.0451970985368817,38.31428571428572,2.272229127989524,0.4,1.1613037559521415,0.5636118814762305,10432,20.217054263565892,4.551421096025642,1.5078879385119421,2,88,342837,353269
gpt-35-turbo-0125,30,0,30,0,0.0,0.0,0.0,1.0,0.0,0.0,0.0,0.0,0.0,0.0,0.0,100.0,86,2.8666666666666667,1.8705214713316294,0.6693575120421097,90,0,128.5,0.0,1285.0,0.0,1285.0,404.3193514179534,0.0,404.3193514179534,144.68382174888134,0.0,144.68382174888134,39,0.0,39,0.0,0,0.0,0.0,7054,82.02325581395348,44.82439506963676,16.04020377336009,2,10,89137,96191
gpt-35-turbo-0301,30,0,30,0,0.0,0.0,0.0,1.0,0.0,0.0,0.0,0.0,0.0,0.0,0.0,100.0,68,2.2666666666666666,0.6914918072835208,0.24744716530374364,90,0,140.0,0.0,1400.0,0.0,1400.0,259.3094277313203,0.0,259.3094277313203,92.79268698890385,0.0,92.79268698890385,39,0.0,39,0.0,0,0.0,0.0,4560,67.05882352941177,39.268143182044106,14.051924570603521,2,4,57543,62103
gpt-35-turbo-0613,30,0,30,0,0.0,0.0,0.0,1.0,0.0,0.0,0.0,0.0,0.0,0.0,0.0,100.0,124,4.133333333333334,2.825174188506312,1.0109755995251561,90,0,105.16666666666667,0.0,1051.6666666666667,0.0,1051.6666666666667,527.3932860408061,0.0,527.3932860408061,188.72526363499827,0.0,188.72526363499827,39,0.0,38.96666666666667,0.18257418583505536,0.03333333333333333,0.27777777777777773,0.06533333333333333,11610,93.62903225806451,54.70543497077447,19.57608849106176,2,12,129031,140641
gpt-35-turbo-1106,30,0,30,0,0.0,0.0,0.0,1.0,0.0,0.0,0.0,0.0,0.0,0.0,0.0,100.0,108,3.6,2.4297012729679484,0.8694574341996607,88,2,113.02777777777777,0.8888888888888888,1130.2777777777778,8.88888888888889,1139.1666666666667,506.3272235852527,34.94202459809747,491.9473677576476,181.18686999991505,12.503842917155202,176.0411046784201,39,0.0,39,0.0,0,0.0,0.0,5219,48.324074074074076,22.887643804132683,8.190238149115658,2,10,49156,54375
gpt-4-0613,33,0,3,30,0.0,0.0,0.0,0.09090909090909091,0.050043807505743665,0.09808586271125758,0.9090909090909091,0.05004380750574367,0.09808586271125759,0.0,90.9090909090909,9.090909090909092,6365,192.87878787878788,30.643879462053242,10.45545282404063,0,0,0.0,0.0,0.0,0.0,0.0,0.0,0.0,0.0,0.0,0.0,0.0,15.151515151515152,8.085949279928471,18.78787878787879,7.51564025781227,-3.6363636363636362,-2.040365681161834,3.0082751801038166,41816,6.56967792615868,0.14783478767701136,0.050440077282743946,35,200,1091677,1133493
gpt-4-32k-0613,11,0,1,10,0.0,0.0,0.0,0.09090909090909091,0.08667841720414475,0.16988969772012372,0.9090909090909091,0.08667841720414476,0.16988969772012374,0.0,90.9090909090909,9.090909090909092,2157,196.0909090909091,12.964987816843836,7.661818181818182,0,0,0.0,0.0,0.0,0.0,0.0,0.0,0.0,0.0,0.0,0.0,0.0,12.909090909090908,7.272613635475839,17.818181818181817,6.19383858068939,-4.909090909090909,-2.715981470758541,5.275505976281813,14164,6.566527584608252,0.11080049908081409,0.06547891061717728,157,200,369433,383597
gpt-4-turbo-2024-04-09,30,0,2,28,0.0,0.0,0.0,0.06666666666666667,0.04554200340426488,0.08926232667235917,0.9333333333333333,0.045542003404264876,0.08926232667235916,0.0,93.33333333333333,6.666666666666667,5786,192.86666666666667,29.93064780723798,10.710544763647627,0,0,0.0,0.0,0.0,0.0,0.0,0.0,0.0,0.0,0.0,0.0,0.0,15.433333333333334,8.033049549048684,20.8,9.654014708917735,-5.366666666666666,-3.062647754137116,3.719412378917461,34906,6.032837884548911,0.08651231569384422,0.03095803458091743,45,200,2439800,2474706
gpt-4o-2024-05-13,60,0,12,48,0.0,0.0,0.0,0.2,0.051639777949432225,0.10121396478088716,0.8,0.05163977794943222,0.10121396478088715,0.0,80.0,20.0,11057,184.28333333333333,37.280926948297484,9.43337606785952,1,16,0.008333333333333333,0.3461510791480984,0.08333333333333333,3.461510791480984,3.5448441248143174,0.6454972243679028,13.806160480194352,13.800001345189362,0.16333333333333333,3.4934406015041684,3.4918821253204784,13.633333333333333,7.955313045362672,17.35,7.0490412859372205,-3.716666666666667,-1.52775970493907,1.9141124636605054,346468,31.334720086822827,3.4351144673856893,0.8692038868007278,32,200,5019535,5366003
gpt-4o-2024-08-06,60,1,9,50,0.016666666666666666,0.01652719420071502,0.032393300633401435,0.15,0.046097722286464436,0.0903515356814703,0.8333333333333334,0.04811252243246881,0.09430054396763886,1.6666666666666667,83.33333333333334,15.0,11214,186.9,31.814451465236647,8.050166925314263,0,1,0.0,0.015723270440251572,0.0,0.15723270440251572,0.15723270440251572,0.0,1.217919291260194,1.217919291260194,0.0,0.3081761006289308,0.3081761006289308,14.483333333333333,7.3496031638903245,19.333333333333332,8.711314806027705,-4.85,-3.2065795036217413,2.5698508958923365,86384,7.70322810772249,1.5343452763995387,0.3882429219180587,51,200,4649382,4735766
gpt-4o-2024-11-20,71,3,6,62,0.04225352112676056,0.023874130344503686,0.046793295475227224,0.08450704225352113,0.03300994345777757,0.06469948917724404,0.8732394366197183,0.039484766709934636,0.07739014275147188,4.225352112676056,87.32394366197182,8.450704225352112,13470,189.71830985915494,32.63748200134823,7.5917787417310905,1,1,0.007042253521126761,0.007042253521126761,0.07042253521126761,0.07042253521126761,0.14084507042253522,0.5933908290969266,0.5933908290969266,0.8331656437585733,0.1380281690140845,0.1380281690140845,0.19380199803298997,11.901408450704226,8.055441691494664,19.901408450704224,8.637385400649675,-8,-4.1770473664269865,2.499408831512414,681249,50.575278396436524,1.088165291311674,0.2531172633271257,29,200,6229300,6910549
gpt-4o-mini-2024-07-18,30,0,12,18,0.0,0.0,0.0,0.4,0.08944271909999159,0.17530772943598352,0.6,0.08944271909999159,0.17530772943598352,0.0,60.0,40.0,4481,149.36666666666667,70.24316549565926,25.1361939516602,13,24,0.4701451970801816,3.1083346306256523,4.701451970801815,31.083346306256523,35.784798277058336,11.075969128911398,77.4024572511214,77.22372138224812,3.9634846502486036,27.69811360394209,27.63415379469353,20.433333333333334,9.339140229693795,24.866666666666667,9.179186852023866,-4.433333333333334,-3.8657824800518807,3.093589178876671,484917,108.21624637357732,22.621045465372628,8.09483715881323,10,200,2438163,2923080
granite-3.1-8b-instruct,30,0,30,0,0.0,0.0,0.0,1.0,0.0,0.0,0.0,0.0,0.0,0.0,0.0,100.0,126,4.2,2.483045960384002,0.8885465854319393,47,12,44.75,9.166666666666666,447.5,91.66666666666667,539.1666666666666,471.81149029615517,223.55324564820512,490.54347646141474,168.83557346855153,79.99750155741016,175.53872863001527,38.96666666666667,0.18257418583505536,39,0.0,-0.03333333333333333,-0.4166666666666667,0.06533333333333333,59110,469.12698412698415,572.4239729776169,204.83928800495804,2,10,377120,436230
grok-2-1212,49,2,32,15,0.04081632653061224,0.028266354853739527,0.055402055513329475,0.6530612244897959,0.06799943900694229,0.13327890045360688,0.30612244897959184,0.06584017370633362,0.1290467404644139,4.081632653061225,30.612244897959183,65.3061224489796,5593,114.14285714285714,67.88716128007317,19.00840515842049,1,93,0.05102040816326531,3.228054641491559,0.5102040816326531,32.28054641491559,32.79075049654825,3.5714285714285716,33.29480785150806,33.76028874374135,1.0,9.322546198422257,9.452880848247577,25.3265306122449,11.336496657371052,22.387755102040817,9.67775870775058,2.938775510204082,4.224505409505577,2.5202645363797296,370417,66.22867870552476,3.7027424516942338,1.0367678864743854,26,200,2811967,3182384
ignore,58,18,1,39,0.3103448275862069,0.06074691926014174,0.11906396174987781,0.017241379310344827,0.017092100489256898,0.033500516958943516,0.6724137931034483,0.06162644471939888,0.12078783165002181,31.03448275862069,67.24137931034483,1.7241379310344827,4934,85.06896551724138,63.1777948080321,16.25947570948494,4,4,0.10100171048022245,0.3401791751183232,1.0100171048022246,3.401791751183232,4.4118088559854565,3.8701885345290514,24.631024519173625,24.79260848879614,0.9960340758886694,6.339055455894381,6.380640804624935,26.20689655172414,11.139874043650986,8.672413793103448,13.108706000927544,17.53448275862069,28.811786145932633,2.75808054754315,19128517,3876.878192136198,1779.7156455807262,458.0287013346531,5,200,1395118,20523635
internlm3-8b-instruct,30,0,30,0,0.0,0.0,0.0,1.0,0.0,0.0,0.0,0.0,0.0,0.0,0.0,100.0,108,3.6,1.9226418606016906,0.6880085538094294,15,39,16.666666666666668,41.25,166.66666666666666,412.5,579.1666666666666,401.14777854287695,538.546495287275,593.1390534955603,143.5488889713334,192.71638830633754,212.25208436669746,39,0.0,39,0.0,0,0.0,0.0,166741,1543.898148148148,1200.712166233126,429.66933049762696,2,8,690605,857346
llama-2-7b-chat,30,0,30,0,0.0,0.0,0.0,1.0,0.0,0.0,0.0,0.0,0.0,0.0,0.0,100.0,64,2.1333333333333333,0.5074162634049248,0.1815765778944155,88,2,142.5,2.5,1425.0,25.0,1450.0,238.07779082215674,100.6444749841122,190.28109877684682,85.19504329653721,36.015162834880925,68.0912167104058,39,0.0,39,0.0,0,0.0,0.0,7444,116.3125,191.40390584419586,68.49300805930116,2,4,75064,82508
llama-3-70b-instruct-awq,30,0,15,15,0.0,0.0,0.0,0.5,0.09128709291752768,0.17892270211835426,0.5,0.09128709291752768,0.17892270211835426,0.0,50.0,50.0,4449,148.3,62.428524647433186,22.339760638362048,2,41,0.0606060606060606,2.227814337138526,0.606060606060606,22.27814337138526,22.884203977445868,3.319530651546461,41.24344959064868,41.17651880522224,1.1878787878787878,14.758778890881988,14.73482801691518,21.566666666666666,10.129109071123317,26.966666666666665,7.716901885643207,-5.4,-2.185616310074592,3.0863249581219465,185118,41.60890087660148,7.531515042815582,2.695118045011193,14,200,2349787,2534905
llama-3.1-8b-instant,60,0,60,0,0.0,0.0,0.0,1.0,0.0,0.0,0.0,0.0,0.0,0.0,0.0,100.0,1754,29.233333333333334,21.58810616250568,5.462544542044757,27,146,3.0761016391498845,14.210738044440948,30.76101639149885,142.10738044440947,172.86839683590833,57.328862281400355,111.87094405565827,134.39497398999626,14.506203619694965,28.307254479134983,34.00662041037932,36.61666666666667,4.32999654231931,37.53333333333333,2.977125599661222,-0.9166666666666666,-2.980310189815331,0.9808762560869637,292050,166.50513112884835,273.77771529442293,69.2753200840037,6,98,1635437,1927487
llama-3.1-tulu-3-8b@q4_k_m,42,0,42,0,0.0,0.0,0.0,1.0,0.0,0.0,0.0,0.0,0.0,0.0,0.0,100.0,154,3.6666666666666665,2.0679513447437885,0.6254199673030555,15,6,15.476190476190476,2.5,154.76190476190476,25.0,179.76190476190476,448.4131266721495,123.58960410933615,456.5324666959656,135.6156293204775,37.3777682717362,138.0711983961835,38.95238095238095,0.21554026870452117,39,0.0,-0.047619047619047616,-0.8928571428571429,0.06518682760516063,294365,1911.4610389610389,1799.8210498317999,544.3280979498184,2,10,1221669,1516034
llama-3.1-tulu-3-8b@q8_0,42,0,42,0,0.0,0.0,0.0,1.0,0.0,0.0,0.0,0.0,0.0,0.0,0.0,100.0,147,3.5,2.1327870235456885,0.6450285176780063,7,26,5.4563492063492065,18.452380952380953,54.56349206349206,184.52380952380952,239.0873015873016,236.50717731588065,398.39435286521024,442.210847816919,71.52794550984096,120.48822317604007,133.73984580714574,39,0.0,39,0.0,0,0.0,0.0,293461,1996.3333333333333,1963.3336554612401,593.7799618567382,1,12,1192485,1485946
llama-3.2-90b-vision-preview,7,0,5,2,0.0,0.0,0.0,0.7142857142857143,0.17074694419062766,0.3346640106136302,0.2857142857142857,0.17074694419062766,0.3346640106136302,0.0,28.57142857142857,71.42857142857143,730,104.28571428571429,82.90097362860962,61.41390070659898,1,14,0.09784735812133072,12.793856788088943,0.9784735812133072,127.93856788088944,128.91704146210273,2.588797760337173,195.52862234484962,194.87771102475455,1.917808219178082,144.84963049747094,144.367428643483,24.142857142857142,13.643418088692332,32.42857142857143,9.795528620364546,-8.285714285714286,-5.466510644953327,7.707208746794566,24475,33.52739726027397,13.463651021865765,9.974012255988889,6,200,399909,424384
llama-3.3-70b,42,0,38,4,0.0,0.0,0.0,0.9047619047619048,0.04529474910530199,0.0887777082463919,0.09523809523809523,0.04529474910530199,0.0887777082463919,0.0,9.523809523809524,90.47619047619048,2886,68.71428571428571,69.41332047405201,20.992987447031435,2,100,0.33068783068783064,10.734967736957964,3.3068783068783065,107.34967736957964,110.65655567645794,15.279170855902093,127.19250800874245,129.08410713843,4.620949405509358,38.46741094862516,39.03949591031765,30.904761904761905,11.604897039947474,33.45238095238095,8.121643414591327,-2.5476190476190474,-1.2651372376559515,1.745939462594872,297205,102.98163548163548,18.696730966787616,5.654537714170008,4,200,2032359,2329564
llama-3.3-70b-versatile,2,0,2,0,0.0,0.0,0.0,1.0,0.0,0.0,0.0,0.0,0.0,0.0,0.0,100.0,60,30,14.142135623730951,19.6,0,6,0.0,11.25,0.0,112.5,112.5,0.0,53.033008588991066,53.033008588991066,0.0,73.5,73.5,37,2.8284271247461903,39,0.0,-2,-5.0,3.92,7018,116.96666666666667,49.62121836976597,68.77149999999999,20,40,43372,50390
llama3-8b-8192,60,0,60,0,0.0,0.0,0.0,1.0,0.0,0.0,0.0,0.0,0.0,0.0,0.0,100.0,902,15.033333333333333,10.541229251102253,2.6672990154208023,104,66,20.69415314217946,8.971030395043552,206.94153142179456,89.71030395043553,296.6518353722301,220.41579350652276,93.51949786781852,208.911912501551,55.77289090280122,23.663697908799087,52.862007385599405,38.2,2.0976176963403033,38.68333333333333,1.0655096125625882,-0.48333333333333334,-1.4169665566917888,0.5521978615883527,51432,57.019955654102,29.180327541443162,7.383641610185949,4,50,749595,801027
llama3.1-8b,90,0,87,3,0.0,0.0,0.0,0.9666666666666667,0.018921540406584888,0.03708621919690638,0.03333333333333333,0.01892154040658489,0.037086219196906384,0.0,3.3333333333333335,96.66666666666667,2436,27.066666666666666,22.241170448547628,4.595073421102033,44,188,3.5039880174684095,12.664663826670216,35.03988017468409,126.64663826670215,161.68651844138626,55.90853257004452,113.69841732761489,127.44699032643564,11.550822499191137,23.49033638729237,26.330820997178886,37.2,3.7362481932812965,37.833333333333336,2.545098836958526,-0.6333333333333333,-1.574540892349407,0.8031280792068516,394879,162.1013957307061,416.2431155284701,85.99671862172504,4,100,1995033,2389912
meta-llama-3.1-8b-instruct-fp16,30,0,30,0,0.0,0.0,0.0,1.0,0.0,0.0,0.0,0.0,0.0,0.0,0.0,100.0,830,27.666666666666668,22.71310321094994,8.127779599992463,19,61,7.235501567398119,13.547422086215189,72.35501567398119,135.4742208621519,207.8292365361331,158.43621908894582,149.21698718332271,226.540912287387,56.695672865619535,53.39661309759987,81.06662433363272,36.733333333333334,4.093167842699069,37,3.39370614215644,-0.26666666666666666,0.4630161770966371,1.7579402088176315,59644,71.86024096385542,23.12816882556527,8.276308922639245,4,84,577065,636709
ministral-8b-instruct-2410,30,0,30,0,0.0,0.0,0.0,1.0,0.0,0.0,0.0,0.0,0.0,0.0,0.0,100.0,282,9.4,6.9112601775204,2.4731626920098533,56,34,45.3517871017871,15.281204906204906,453.517871017871,152.81204906204906,606.32992007992,568.2947328921022,291.7041066765375,524.1166344903537,203.36165841736658,104.3849739711735,187.55272893638383,38.766666666666666,0.7738543627276671,38.6,1.7140393911700975,0.16666666666666666,1.3888888888888886,0.5645010681466399,20336,72.11347517730496,36.031402808950965,12.893671903384732,2,26,179727,200063
mistral-nemo-12b-instruct-2407,30,0,30,0,0.0,0.0,0.0,1.0,0.0,0.0,0.0,0.0,0.0,0.0,0.0,100.0,202,6.733333333333333,5.132273364217603,1.83656043667174,79,11,73.39484126984127,4.25,733.9484126984127,42.5,776.4484126984127,584.6651397129505,105.91577475048827,542.8473230352056,209.21973326369243,37.90147323063264,194.25541975034824,38.766666666666666,0.6789105539243627,38.666666666666664,1.6470105276411926,0.1,1.375,0.5091145344570338,9635,47.698019801980195,52.49580449857425,18.785382381523522,2,20,127958,137593
mistral-small-24b-instruct-2501@q4_k_m,42,0,42,0,0.0,0.0,0.0,1.0,0.0,0.0,0.0,0.0,0.0,0.0,0.0,100.0,854,20.333333333333332,16.732714658339166,5.060551294453405,3,123,0.48840048840048833,22.171666727807047,4.8840048840048835,221.71666727807045,226.60067216207534,26.251699393499372,134.20117481009137,131.53851724033711,7.939421310884947,40.58707405040899,39.781794364091574,37.404761904761905,4.006455302167922,37.73809523809524,3.5548628583853965,-0.3333333333333333,-0.42997843174401346,0.9199198739704155,94750,110.94847775175644,16.393179606883045,4.957864158549713,6,82,540795,635545
mistral-small-instruct-2409,30,0,30,0,0.0,0.0,0.0,1.0,0.0,0.0,0.0,0.0,0.0,0.0,0.0,100.0,272,9.066666666666666,5.323554253039737,1.9050094236550537,58,32,36.54960317460318,12.791847041847042,365.49603174603175,127.91847041847042,493.41450216450215,440.1274660087258,172.88522283007572,381.0987697855119,157.49759098957068,61.866182450181874,136.37444332800882,38.86666666666667,0.3457459036417604,38.833333333333336,0.5920934999167599,0.03333333333333333,0.4318181818181818,0.17539166898086328,24002,88.24264705882354,59.32430703242298,21.22893063108001,2,22,216674,240676
mixtral-8x7b-32768,20,0,20,0,0.0,0.0,0.0,1.0,0.0,0.0,0.0,0.0,0.0,0.0,0.0,100.0,40,2,0.0,0.0,60,0,150.0,0.0,1500.0,0.0,1500.0,0.0,0.0,0.0,0.0,0.0,0.0,39,0.0,39,0.0,0,0.0,0.0,660,16.5,0.0,0.0,2,2,10320,10980
o1-mini-2024-09-12,30,9,6,15,0.3,0.08366600265340755,0.1639853652006788,0.2,0.07302967433402216,0.14313816169468344,0.5,0.09128709291752768,0.17892270211835426,30.0,50.0,20.0,4282,142.73333333333332,61.45081202759305,21.989890670688023,2,8,0.09450830140485313,0.33492881937409674,0.9450830140485312,3.3492881937409673,4.294371207789498,3.685603368669784,9.785672591338331,11.99150283448424,1.3188762273178136,3.501757964175544,4.291104179211649,17.666666666666668,12.208909503488336,7.033333333333333,11.33040868281194,10.633333333333333,9.487098362233894,3.1596830822214796,5228905,1221.1361513311538,222.13578616146168,79.49027019438729,28,200,1020768,6249673
o1-preview-2024-09-12,30,14,3,13,0.4666666666666667,0.09108400680852977,0.17852465334471834,0.1,0.05477225575051661,0.10735362127101256,0.43333333333333335,0.09047201327032126,0.17732514600982965,46.666666666666664,43.333333333333336,10.0,3744,124.8,61.5228581014042,22.015672027094645,4,10,0.29231524976205825,0.6364050790877428,2.9231524976205825,6.364050790877427,9.28720328849801,9.699129952601227,19.139349762483572,28.5307026504022,3.470789078632954,6.848928352583686,10.209580823090507,17.8,14.64146214669503,4.033333333333333,8.066462427356495,13.766666666666667,18.25056005008968,4.33577735498845,9959309,2660.071848290598,267.4516401043446,95.70634026690988,20,200,1184284,11143593
o3-mini-2025-01-31-low,55,3,21,31,0.05454545454545454,0.03062092212075216,0.060017007356674236,0.38181818181818183,0.06550961870404844,0.12839885265993492,0.5636363636363636,0.06687171072259324,0.13106855301628273,5.454545454545454,56.36363636363636,38.18181818181819,8263,150.23636363636365,63.97423197586945,16.90751601253451,2,27,0.04250295159386069,0.9070461342200472,0.42502951593860683,9.070461342200472,9.49549085813908,2.2640119496240616,25.70086202076798,25.94077877415412,0.5983474456602581,6.792386914718705,6.855793636835846,17.254545454545454,11.08923098195018,11.036363636363637,12.526954104034193,6.218181818181818,4.143755486793465,2.2578864698391246,5588651,676.346484327726,66.35429090670625,17.536533090833746,8,200,3250412,8839063
o3-mini-2025-01-31-medium,34,13,0,21,0.38235294117647056,0.08334181380283408,0.1633499550535548,0.0,0.0,0.0,0.6176470588235294,0.08334181380283408,0.1633499550535548,38.23529411764706,61.76470588235294,0.0,4592,135.05882352941177,60.20567836728429,20.237369768767046,1,2,0.038699690402476776,0.0720876585928489,0.3869969040247678,0.720876585928489,1.1078734899532567,2.2565603308224844,2.9884186054672246,3.6671308371637923,0.7585139318885448,1.0045187427963094,1.2326591902078663,19.058823529411764,12.822662647120287,0.8529411764705882,2.664381819725435,18.205882352941178,21.99990063305553,4.065588601201087,11640774,2535.0117595818815,264.4294269764994,88.88457428916745,32,200,1444681,13085455
phi-4,30,0,30,0,0.0,0.0,0.0,1.0,0.0,0.0,0.0,0.0,0.0,0.0,0.0,100.0,232,7.733333333333333,4.630731924968184,1.6570861376020711,44,46,26.484848484848484,23.267316017316016,264.8484848484849,232.67316017316017,497.52164502164504,286.0386107230218,248.57898531091402,216.60028263728017,102.35760228148624,88.95284748333485,77.50941569812285,39,0.0,39,0.0,0,0.0,0.0,77382,333.5431034482759,114.5284824542073,40.98349110044259,4,22,236743,314125
qwen-max-2025-01-25,60,0,2,58,0.0,0.0,0.0,0.03333333333333333,0.023174059571793568,0.04542115676071539,0.9666666666666667,0.023174059571793564,0.045421156760715384,0.0,96.66666666666667,3.3333333333333335,11790,196.5,19.69384314010647,4.9832298649576305,0,0,0.0,0.0,0.0,0.0,0.0,0.0,0.0,0.0,0.0,0.0,0.0,18.533333333333335,5.884385159093936,21.383333333333333,7.6448535179383565,-2.85,-1.6695668001456134,2.312460733519122,71475,6.06234096692112,0.14781595757649807,0.03740259781050197,67,200,4723088,4794563
qwen-plus-2025-01-25,33,0,30,3,0.0,0.0,0.0,0.9090909090909091,0.05004380750574367,0.09808586271125759,0.09090909090909091,0.050043807505743665,0.09808586271125758,0.0,9.090909090909092,90.9090909090909,2890,87.57575757575758,62.3112300788501,21.2601060288111,2,89,0.11784511784511785,6.485346359080524,1.1784511784511784,64.85346359080525,66.03191476925642,4.911951552171414,68.52221059603954,68.29369166410767,1.6759195842451047,23.37924417086404,23.301275292440128,28.515151515151516,12.211984922917967,25.90909090909091,10.765580675129756,2.606060606060606,5.009424512759104,2.7678388270035046,1272796,440.41384083044983,22.02525033090705,7.514843740905844,12,200,2191125,3463921
qwen-turbo-2024-11-01,33,0,33,0,0.0,0.0,0.0,1.0,0.0,0.0,0.0,0.0,0.0,0.0,0.0,100.0,674,20.424242424242426,13.979964017814707,4.76985475846972,4,95,1.026714513556619,22.03954220340021,10.267145135566189,220.3954220340021,230.6625671695683,44.588430355753275,176.880035807802,176.45270181796542,15.213224900583887,60.350089556812854,60.2042865302614,38,1.9364916731037085,38.333333333333336,2.508319490548735,-0.3333333333333333,-2.1689522561731494,1.0470024553047341,129656,192.3679525222552,76.49417958158617,26.099217852600777,4,64,522007,651663
qwen2.5-14b-instruct-1m,42,0,42,0,0.0,0.0,0.0,1.0,0.0,0.0,0.0,0.0,0.0,0.0,0.0,100.0,312,7.428571428571429,5.557429029830502,1.6807586362996725,48,49,24.101473922902493,17.48015873015873,241.01473922902494,174.8015873015873,415.81632653061223,364.3233075556729,232.8485382829496,335.9464199491448,110.18396137721528,70.42144660203763,101.60180969161259,38.857142857142854,0.5213223604300131,38.95238095238095,0.21554026870452117,-0.09523809523809523,-0.8928571428571428,0.1743062128168651,73403,235.26602564102564,280.8443845491385,84.93704953378911,2,28,377843,451246
qwen2.5-14b-instruct@q8_0,30,0,30,0,0.0,0.0,0.0,1.0,0.0,0.0,0.0,0.0,0.0,0.0,0.0,100.0,398,13.266666666666667,10.02731900543618,3.58823002291074,29,59,15.693121693121693,21.267376142376143,156.93121693121694,212.67376142376142,369.60497835497836,267.14261837701696,200.52584225329545,306.5636327470665,95.59575826197639,71.75725108103696,109.70238708464787,38.56666666666667,1.0400044208570938,38.4,1.904622326577254,0.16666666666666666,0.31926406926406947,0.6379452167834305,59951,150.63065326633165,51.16991802959317,18.310920002059007,2,42,303196,363147
qwen2.5-72b-instruct,30,0,28,2,0.0,0.0,0.0,0.9333333333333333,0.045542003404264876,0.08926232667235916,0.06666666666666667,0.04554200340426488,0.08926232667235917,0.0,6.666666666666667,93.33333333333333,1923,64.1,51.10391711823651,18.287301879254592,10,71,0.8232851372597288,8.114434750949682,8.232851372597288,81.14434750949682,89.37719888209412,18.829639686586482,94.88882790878203,97.75926734694774,6.73810002527811,33.95553098056558,34.98270454165298,30.666666666666668,9.668053804557362,32.733333333333334,6.324191829700501,-2.066666666666667,-2.386190778620155,2.1095896497711246,422032,219.46541861674467,28.85391613832685,10.325241284331659,6,200,1241971,1664003
qwen2.5-7b-instruct-1m,42,0,42,0,0.0,0.0,0.0,1.0,0.0,0.0,0.0,0.0,0.0,0.0,0.0,100.0,406,9.666666666666666,6.983138810182454,2.1119425548564403,33,93,18.03773276987563,40.305560841275124,180.37732769875626,403.05560841275127,583.4329361115075,350.6712289711333,421.32114115755206,488.7117807568585,106.0551009165165,127.42207644130491,147.80333527597642,38.73809523809524,0.7981540840764962,38.714285714285715,0.7741467147049723,0.023809523809523808,0.3969410219410219,0.1946075196925011,57161,140.79064039408868,53.31954149456774,16.12567238726695,2,26,252042,309203
qwen2.5-vl-72b-instruct,10,0,10,0,0.0,0.0,0.0,1.0,0.0,0.0,0.0,0.0,0.0,0.0,0.0,100.0,244,24.4,15.966631871917551,9.896220962232672,1,26,0.7142857142857142,14.419191919191919,7.142857142857143,144.1919191919192,151.33477633477634,22.58769757263128,110.07521555625745,112.27453066230277,13.999999999999998,68.22532543798727,69.58847506338078,35.9,5.2588549662027715,38.3,1.5670212364724212,-2.4,-5.565175565175565,2.3772716387582724,88102,361.07377049180326,75.76307184420845,46.95843843349978,8,54,208793,296895
qwq-32b-preview@q4_k_m,30,0,30,0,0.0,0.0,0.0,1.0,0.0,0.0,0.0,0.0,0.0,0.0,0.0,100.0,239,7.966666666666667,4.845782619495256,1.734041040316496,44,17,30.863816738816737,9.735569985569985,308.6381673881674,97.35569985569985,405.9938672438672,410.36800044577285,197.68126957699124,439.58586598746547,146.84830300532738,70.73933382180418,157.30378191102815,38.86666666666667,0.5713464637233658,38.96666666666667,0.18257418583505536,-0.1,-1.3068181818181819,0.21736435854991518,695012,2908.0,1137.558887121393,407.07021980501514,2,22,1406225,2101237
sky-t1-32b-preview,30,0,30,0,0.0,0.0,0.0,1.0,0.0,0.0,0.0,0.0,0.0,0.0,0.0,100.0,415,13.833333333333334,9.299919663477015,3.3279335113458464,9,59,2.457070707070707,18.51043159738812,24.57070707070707,185.1043159738812,209.67502304458827,66.2693833977502,173.9266973157169,169.60736135191254,23.71419429048534,62.23886930849836,60.69321478449664,38.766666666666666,0.7738543627276671,38.8,0.7611243951073873,-0.03333333333333333,-0.08086036346905914,0.34507228405951934,504706,1216.1590361445783,1351.5071801292022,483.6306332021484,2,46,932760,1437466
