model_name,total_games,black_llm_wins,white_rand_wins,draws,black_llm_win_rate,std_dev_black_llm_win_rate,moe_black_llm_win_rate,black_llm_loss_rate,std_dev_black_llm_loss_rate,moe_black_llm_loss_rate,draw_rate,std_dev_draw_rate,moe_draw_rate,black_llm_wins_percent,black_llm_draws_percent,white_rand_wins_percent,win_loss,std_dev_win_loss,moe_win_loss,win_loss_non_interrupted,std_dev_win_loss_non_interrupted,moe_win_loss_non_interrupted,game_duration,std_dev_game_duration,moe_game_duration,games_interrupted,games_interrupted_percent,std_dev_games_interrupted,moe_games_interrupted,games_not_interrupted,games_not_interrupted_percent,std_dev_games_not_interrupted,moe_games_not_interrupted,reason_too_many_wrong_actions,reason_checkmate,reason_stalemate,reason_insufficient_material,reason_seventyfive_moves,reason_fivefold_repetition,reason_max_turns,reason_unknown_issue,reason_max_moves,reason_error,llm_total_moves,average_moves,std_dev_moves,moe_avg_moves,llm_wrong_actions,llm_wrong_moves,wrong_actions_per_100moves,wrong_moves_per_100moves,wrong_actions_per_1000moves,wrong_moves_per_1000moves,mistakes_per_1000moves,std_dev_wrong_actions_per_1000moves,std_dev_wrong_moves_per_1000moves,std_dev_mistakes_per_1000moves,moe_wrong_actions_per_1000moves,moe_wrong_moves_per_1000moves,moe_mistakes_per_1000moves,llm_avg_material,llm_std_dev_material,rand_avg_material,rand_std_dev_material,material_diff_llm_minus_rand,material_diff_llm_minus_rand_per_100moves,moe_material_diff_llm_minus_rand,completion_tokens_black,completion_tokens_black_per_move,std_dev_completion_tokens_black_per_move,moe_completion_tokens_black_per_move,min_moves,max_moves,prompt_tokens_black,total_tokens_black,average_game_cost,std_dev_game_cost,moe_average_game_cost
amazon.nova-lite-v1,42,0,42,0,0.0,0.0,0.0,1.0,0.0,0.0,0.0,0.0,0.0,0.0,0.0,100.0,0.0,0.0,0.0,0.5,0,0,0.023095238095238096,0.01297052855197265,0.003922736172442748,42,100.0,0.0,0.0,0,0.0,0.0,0.0,32,0,0,0,0,0,10,0,0,0,194,4.619047619047619,2.59410571039453,0.7845472344885497,50,46,42.46031746031746,19.682539682539684,424.6031746031746,196.82539682539684,621.4285714285714,571.9888529534079,250.8856425276912,533.0129336671354,172.98920045730304,75.87649039485267,161.20153522640408,38.95238095238095,0.21554026870452117,38.92857142857143,0.4629100498862757,0.023809523809523808,0.11904761904761914,0.15648233404192521,103670,534.3814432989691,627.8322922095701,189.87818676853868,2,12,502116,605786,0.0,0.0,0.0
amazon.nova-pro-v1,33,0,33,0,0.0,0.0,0.0,1.0,0.0,0.0,0.0,0.0,0.0,0.0,0.0,100.0,0.0,0.0,0.0,0.5,0,0,0.05878787878787879,0.041439532435644695,0.01413884547378239,33,100.0,0.0,0.0,0,0.0,0.0,0.0,33,0,0,0,0,0,0,0,0,0,388,11.757575757575758,8.287906487128938,2.8277690947564778,11,88,4.949494949494949,32.76307026307026,49.494949494949495,327.6307026307026,377.12565212565215,105.26379301321333,206.79844217770906,218.26591789169697,35.915185715702044,70.5580166163876,74.47062994874662,38.45454545454545,1.2769815261709223,38.90909090909091,0.2919371040605711,-0.45454545454545453,-1.5523365523365524,0.40090909090909094,68751,177.19329896907217,52.94316233422971,18.063794332128413,4,36,307823,376574,0.0,0.0,0.0
anthropic.claude-3-7-sonnet-20250219-v1:0,42,2,10,30,0.047619047619047616,0.03286026473058829,0.06440611887195305,0.23809523809523808,0.06572052946117658,0.1288122377439061,0.7142857142857143,0.06970714806775237,0.13662601021279464,4.761904761904762,71.42857142857143,23.809523809523807,0.40476190476190477,0.25274336830206573,0.0764383308830346,0.45945945945945943,0.2166146853791818,0.06979802042713991,0.9278571428571428,0.22662460325700237,0.06853911351411553,5,11.904761904761903,0.049970296759725655,0.09794178164906228,37,88.09523809523809,0.049970296759725655,0.09794178164906228,5,7,1,0,0,0,0,0,29,0,7041,167.64285714285714,58.427282897286794,17.670429941259016,0,15,0.0,0.8695226298598439,0.0,8.695226298598438,8.695226298598438,0.0,29.951250549680875,29.951250549680875,0.0,9.058293458924624,9.058293458924624,13.380952380952381,10.207487402433953,9.738095238095237,10.867403764288614,3.642857142857143,2.8839099771134564,1.963208755554584,766344,108.84022155943758,6.557616740545921,1.9832499724341102,20,200,4230721,4997065,0.5758886428571429,0.20431759177747613,0.06179270218020539
anthropic.claude-v3-5-haiku,42,0,6,36,0.0,0.0,0.0,0.14285714285714285,0.05399492471560389,0.10583005244258362,0.8571428571428571,0.053994924715603895,0.10583005244258363,0.0,85.71428571428571,14.285714285714285,0.4285714285714286,0.1770844008302866,0.05355644389732042,0.46153846153846156,0.13497638119975428,0.042362496708464314,0.9452380952380952,0.20236694629405502,0.061202759560152004,3,7.142857142857142,0.03973918859029906,0.07788880963698616,39,92.85714285714286,0.03973918859029905,0.07788880963698613,1,3,1,0,0,0,2,0,35,0,7868,187.33333333333334,40.55990250304986,12.266716507498604,0,153,0.0,2.024396635310961,0.0,20.24396635310961,20.24396635310961,0.0,16.72120599948014,16.72120599948014,0.0,5.057070678206989,5.057070678206989,16.238095238095237,9.364722395868661,19.071428571428573,8.137216091163225,-2.8333333333333335,-1.5006421707492401,3.106521682649205,512157,65.09367056431114,3.0084934441874083,0.9098724088831334,30,200,4714508,5226665,0.13857700952380952,0.028606303577169413,0.008651535005100035
anthropic.claude-v3-5-sonnet,30,0,8,22,0.0,0.0,0.0,0.26666666666666666,0.08073734277593311,0.15824519184082889,0.7333333333333333,0.08073734277593311,0.15824519184082889,0.0,73.33333333333333,26.666666666666668,0.3666666666666667,0.2248882225544018,0.08047521690805479,0.4230769230769231,0.18397324220155997,0.07071703760964555,0.9006666666666666,0.2613879839642969,0.09353648878432211,4,13.333333333333334,0.06206328908341752,0.12164404660349833,26,86.66666666666667,0.06206328908341751,0.12164404660349831,4,4,0,0,0,0,0,0,22,0,5148,171.6,55.14845169302517,19.734619989119185,0,12,0.0,1.4657738095238095,0.0,14.657738095238095,14.657738095238095,0.0,55.73599150948611,55.73599150948611,0.0,19.944868412245814,19.944868412245814,15.8,9.918286837609783,22.5,11.840171247596624,-6.7,-3.695372321781311,3.6748235206668056,417373,81.07478632478633,8.50511825579201,3.0435174803249008,10,200,2997738,3415111,0.0,0.0,0.0
anthropic.claude-v3-5-sonnet-v1,60,4,8,48,0.06666666666666667,0.03220305943597653,0.063117996494514,0.13333333333333333,0.043885372573625556,0.08601533024430609,0.8,0.05163977794943222,0.10121396478088715,6.666666666666667,80.0,13.333333333333334,0.4666666666666667,0.22297424542824174,0.05642026855954737,0.4745762711864407,0.21623201168076708,0.055175979835027235,0.9858333333333333,0.10973452814254347,0.027766666666666665,1,1.6666666666666667,0.01652719420071502,0.032393300633401435,59,98.33333333333333,0.016527194200715044,0.032393300633401484,1,11,0,0,0,0,0,0,48,0,11003,183.38333333333333,40.11766239648308,10.151169172222898,0,3,0.0,0.16666666666666666,0.0,1.6666666666666667,1.6666666666666667,0.0,12.909944487358056,12.909944487358056,0.0,3.266666666666666,3.266666666666666,13.2,8.297028261136736,17.366666666666667,9.425832996802766,-4.166666666666667,-1.9325398324516605,3.0048638788338065,884906,80.42406616377352,5.064480264512477,1.28149031781466,30,200,6420741,7305647,0.54226355,0.12070330599370929,0.030542150404459845
anthropic.claude-v3-5-sonnet-v2,60,2,5,53,0.03333333333333333,0.023174059571793568,0.04542115676071539,0.08333333333333333,0.03568120160740314,0.06993515515051014,0.8833333333333333,0.04144384867012948,0.08122994339345378,3.3333333333333335,88.33333333333333,8.333333333333332,0.475,0.17036849394419604,0.04310917686460161,0.49137931034482757,0.14783167616146756,0.038046050118454536,0.9761666666666666,0.13337968826975813,0.03374971767755252,2,3.3333333333333335,0.023174059571793568,0.04542115676071539,58,96.66666666666667,0.023174059571793564,0.045421156760715384,2,5,1,0,0,0,0,0,52,0,11292,188.2,37.12498359298844,9.393916954679366,0,8,0.0,0.29828722002635044,0.0,2.9828722002635044,2.9828722002635044,0.0,18.02752921236788,18.02752921236788,0.0,4.561594266967543,4.561594266967543,10.816666666666666,7.740476196682762,13.833333333333334,8.843587481787162,-3.0166666666666666,-0.5113419411810575,2.559978723722791,1025929,90.8544987601842,4.514625535478015,1.142357874866914,22,200,6510330,7536259,0.58199875,0.11560331480096209,0.02925167458204597
anthropic.claude-v3-haiku,40,0,40,0,0.0,0.0,0.0,1.0,0.0,0.0,0.0,0.0,0.0,0.0,0.0,100.0,0.0,0.0,0.0,0.5,0,0,0.16675,0.12831027098804537,0.03976376494453338,40,100.0,0.0,0.0,0,0.0,0.0,0.0,3,0,0,0,0,0,37,0,0,0,1334,33.35,25.662054197609077,7.952752988906678,7,4,1.3203463203463202,1.3541666666666665,13.203463203463203,13.541666666666666,26.74512987012987,56.50616801833102,64.26461887630113,99.02084753056842,17.511442893036733,19.915811723952693,30.686878575611857,36.725,3.389179614823986,37.15,3.731707521449266,-0.425,-1.1710852516809853,1.0732781200960555,280994,210.64017991004496,261.9015177634043,81.16412124116572,2,98,2052970,2333964,0.021612125,0.011225211786163803,0.003478729173280369
anthropic.claude-v3-opus,30,0,5,25,0.0,0.0,0.0,0.16666666666666666,0.06804138174397717,0.13336110821819525,0.8333333333333334,0.06804138174397716,0.13336110821819522,0.0,83.33333333333334,16.666666666666664,0.4166666666666667,0.18952451089472586,0.06782047521388765,0.46,0.13844373104863458,0.05426994257106475,0.8683333333333333,0.30691831254376567,0.10982930761987227,5,16.666666666666664,0.06804138174397717,0.13336110821819525,25,83.33333333333334,0.06804138174397716,0.13336110821819522,2,2,0,0,0,0,1,0,23,2,4968,165.6,66.45900992341069,23.78205127121432,1,7,0.18518518518518517,0.7457634521313766,1.8518518518518516,7.457634521313766,9.309486373165617,10.143010324169742,26.144327998793642,34.402707771246014,3.6296296296296293,9.355627621225407,12.310850869238884,15.633333333333333,10.479810913447302,21.633333333333333,10.189525836937124,-6,-3.349803552340468,3.1590075554883033,361980,72.8623188405797,13.503885685843564,4.832303432016992,18,200,2833235,3195215,2.3215675,0.9551961243375985,0.34181254323892524
chat-bison-32k@002,36,0,36,0,0.0,0.0,0.0,1.0,0.0,0.0,0.0,0.0,0.0,0.0,0.0,100.0,0.0,0.0,0.0,0.5,0,0,0.1322222222222222,0.094570037874012,0.030892879038843916,36,100.0,0.0,0.0,0,0.0,0.0,0.0,35,0,0,0,0,0,1,0,0,0,952,26.444444444444443,18.9140075748024,6.178575807768785,76,30,24.482651414285932,6.519321180951513,244.82651414285934,65.19321180951513,310.0197259523745,414.0114762776787,250.49179858637635,448.838041051552,135.24374891737503,81.8273208715496,146.62042674350698,37.05555555555556,3.6484395446699005,36.888888888888886,3.8005847503304597,0.16666666666666666,1.5530341484936185,1.5010426006242756,30126,31.644957983193276,127.99580441730095,41.8119627763183,2,64,575540,605666,0.0,0.0,0.0
claude-v3-7-sonnet-thinking_10000,37,9,0,28,0.24324324324324326,0.07053386532986596,0.13824637604653728,0.0,0.0,0.0,0.7567567567567568,0.07053386532986594,0.13824637604653725,24.324324324324326,75.67567567567568,0.0,0.6216216216216216,0.21747941810042,0.07007665634711618,0.6216216216216216,0.21747941810042,0.07007665634711618,1.0,0.0,0.0,0,0.0,0.0,0.0,37,100.0,0.0,0.0,0,9,0,7,0,0,0,0,21,0,6390,172.7027027027027,48.98858419449761,15.785200316953334,0,18,0.0,0.2731660231660232,0.0,2.7316602316602316,2.7316602316602316,0.0,5.192043379760463,5.192043379760463,0.0,1.6729906804090853,1.6729906804090853,10,10.55409346599171,3.8378378378378377,8.513105953350573,6.162162162162162,4.183710830769654,2.002957540533361,4289808,671.331455399061,67.00567310564323,21.59070301247186,4,200,4147316,8437124,2.0753802162162165,0.6081120966567182,0.19594710520266395
claude-v3-7-sonnet-thinking_1024,41,8,2,31,0.1951219512195122,0.06189081167704916,0.12130599088701635,0.04878048780487805,0.03364120289256084,0.06593675766941924,0.7560975609756098,0.06706641034558605,0.13145016427734865,19.51219512195122,75.60975609756098,4.878048780487805,0.573170731707317,0.2387722662328086,0.07308832758240118,0.5875,0.22324816592694235,0.06918532340286467,0.9782926829268292,0.1389946480808594,0.042546341463414634,1,2.4390243902439024,0.02409096577194121,0.04721829291300477,40,97.5609756097561,0.02409096577194122,0.04721829291300479,1,9,0,8,0,0,0,0,23,0,7195,175.4878048780488,44.34023114013927,13.572570172325097,0,52,0.0,1.0091365476825338,0.0,10.091365476825338,10.091365476825338,0.0,21.254973255796468,21.254973255796468,0.0,6.506159499110917,6.506159499110917,9.512195121951219,10.055152786555539,3.902439024390244,7.119708133234046,5.609756097560975,4.422257323975451,2.354068691673207,2658042,369.42904794996525,13.241741280973622,4.0533045976183875,22,200,4693865,7351907,1.3159079268292684,0.33102133118512095,0.1013258192508468
claude-v3-7-sonnet-thinking_2048,42,8,4,30,0.19047619047619047,0.06059133431241445,0.11875901525233232,0.09523809523809523,0.04529474910530199,0.0887777082463919,0.7142857142857143,0.06970714806775237,0.13662601021279464,19.047619047619047,71.42857142857143,9.523809523809524,0.5476190476190477,0.26617259689092004,0.08049979380202177,0.5476190476190477,0.26617259689092004,0.08049979380202177,1.0,0.0,0.0,0,0.0,0.0,0.0,42,100.0,0.0,0.0,0,12,1,7,0,0,0,0,22,0,7253,172.6904761904762,39.7519676428102,12.02236907874578,0,22,0.0,0.28924724482166475,0.0,2.8924724482166475,2.8924724482166475,0.0,3.6778132344712238,3.6778132344712238,0.0,1.1122978491230997,1.1122978491230997,9.976190476190476,9.811611078861306,3.5,4.738271785387065,6.476190476190476,4.830020774075845,2.7060778725998493,3401918,469.03598510960984,15.18371522159538,4.592080322182644,61,200,4669504,8071422,1.5485067142857143,0.3447035585104541,0.10425027109115335
claude-v3-7-sonnet-thinking_5000,41,7,1,33,0.17073170731707318,0.05876418177221406,0.11517779627353956,0.024390243902439025,0.02409096577194121,0.04721829291300477,0.8048780487804879,0.06189081167704914,0.12130599088701632,17.073170731707318,80.48780487804879,2.4390243902439024,0.573170731707317,0.2109791343283767,0.06458083397260571,0.573170731707317,0.2109791343283767,0.06458083397260571,1.0,0.0,0.0,0,0.0,0.0,0.0,41,100.0,0.0,0.0,0,8,2,6,0,0,0,0,25,0,7433,181.29268292682926,38.602619018946775,11.816283812645477,1,21,0.012195121951219513,0.27534698423223997,0.12195121951219512,2.7534698423223998,2.875421061834595,0.7808688094430303,4.07678472960673,4.067131958583959,0.23902439024390243,1.247906142960105,1.244951424216085,9.560975609756097,9.876863825344067,2.3902439024390243,6.629019719311777,7.170731707317073,4.609207701069411,2.3109097590206122,4276324,575.3160231400511,31.887686172927726,9.760839018796846,31,200,4798393,9074717,1.9156107073170732,0.41137007058257435,0.12592061444447358
deephermes-3-llama-3-8b-preview@q8,42,0,42,0,0.0,0.0,0.0,1.0,0.0,0.0,0.0,0.0,0.0,0.0,0.0,100.0,0.0,0.0,0.0,0.5,0,0,0.016428571428571428,0.008211065874017601,0.002483310143395843,42,100.0,0.0,0.0,0,0.0,0.0,0.0,41,0,0,0,0,0,1,0,0,0,138,3.2857142857142856,1.6422131748035205,0.49666202867916864,118,7,104.46428571428571,6.5476190476190474,1044.642857142857,65.47619047619048,1110.1190476190477,479.63196365285256,241.05664126368453,443.6221311410142,145.05728473144165,72.90386066408963,134.16666666666666,39,0.0,39,0.0,0,0.0,0.0,13987,101.35507246376811,98.32243044735377,29.736101573105277,2,8,131367,145354,0.0014509285714285715,0.0009305368676686554,0.0002814265136512305
deepseek-chat,70,0,68,2,0.0,0.0,0.0,0.9714285714285714,0.019912344355347705,0.0390281949364815,0.02857142857142857,0.019912344355347705,0.0390281949364815,0.0,2.857142857142857,97.14285714285714,0.01428571428571429,0.08390075967546469,0.019654995308564946,0.33333333333333337,0.28867513459481287,0.32666666666666666,0.29428571428571426,0.2642713330539657,0.061909472947035415,67,95.71428571428572,0.024207557309728497,0.04744681232706786,3,4.285714285714286,0.024207557309728508,0.04744681232706788,63,1,0,0,0,0,4,0,2,0,4043,57.75714285714286,50.62863820221891,11.860508178862721,10,180,0.19779146503284434,9.634064766615486,1.9779146503284433,96.34064766615487,98.31856231648331,8.077224916853897,89.77810091878845,88.87214958563503,1.8922095397118697,21.03184952312989,20.819617008528166,32.17142857142857,9.02006045895646,30.52857142857143,8.534196223194275,1.6428571428571428,3.5272572014318335,1.424718024479006,998322,246.92604501607718,35.93824965811299,8.419067135512611,8,200,2614032,3612354,0.025770612000000002,0.02339748837659684,0.005481208108878386
deepseek-chat-0324,45,1,41,3,0.022222222222222223,0.02197392144324641,0.04306888602876296,0.9111111111111111,0.04242317352081883,0.0831494201008049,0.06666666666666667,0.03718489006818113,0.07288238453363502,2.2222222222222223,6.666666666666667,91.11111111111111,0.05555555555555558,0.19135349909568317,0.05590957907682456,0.625,0.25,0.245,0.36244444444444446,0.28514872957773807,0.08331462722304755,41,91.11111111111111,0.04242317352081883,0.0831494201008049,4,8.88888888888889,0.04242317352081883,0.0831494201008049,40,1,0,0,0,0,1,0,3,0,3260,72.44444444444444,56.928805440557845,16.6334327021451,6,350,0.14138243240077522,14.421579950982778,1.4138243240077522,144.21579950982778,145.62962383383552,3.8800783521911226,84.7481047932304,84.22197103212216,1.1336795432605633,24.76166304217335,24.607937517107516,27.333333333333332,11.289576850110258,25.133333333333333,12.68965219094963,2.2,4.381512281975032,1.8082113937381448,1338906,410.7073619631902,45.2556736492065,13.222782319230435,6,200,2376787,3715693,0.04698953533333334,0.03772994415664847,0.011023918069747495
deepseek-r1-distill-qwen-14b@q8_0,30,0,30,0,0.0,0.0,0.0,1.0,0.0,0.0,0.0,0.0,0.0,0.0,0.0,100.0,0.0,0.0,0.0,0.5,0,0,0.013,0.0053498308062192405,0.0019144123674495201,30,100.0,0.0,0.0,0,0.0,0.0,0.0,30,0,0,0,0,0,0,0,0,0,78,2.6,1.0699661612438482,0.3828824734899041,82,8,117.5,11.666666666666666,1175.0,116.66666666666667,1291.6666666666667,460.27540481309893,333.0458530441192,354.0610051986788,164.70743829555803,119.17892791193225,126.69910352977656,39,0.0,39,0.0,0,0.0,0.0,239699,3073.0641025641025,823.912248869868,294.8332117524135,2,6,175575,415274,0.0018906183333333335,0.0006443119456902809,0.00023056406866007876
deepseek-r1-distill-qwen-32b@q4_k_m|isol_temp06,30,0,30,0,0.0,0.0,0.0,1.0,0.0,0.0,0.0,0.0,0.0,0.0,0.0,100.0,0.0,0.0,0.0,0.5,0,0,0.018333333333333333,0.01176884646541184,0.0042114276208150584,30,100.0,0.0,0.0,0,0.0,0.0,0.0,22,0,0,0,0,0,8,0,0,0,110,3.6666666666666665,2.3537692930823684,0.8422855241630117,73,7,89.44444444444444,6.583333333333333,894.4444444444445,65.83333333333333,960.2777777777778,495.32939876636414,141.79929559022872,487.52484627386434,177.25134893187538,50.74222625096592,174.45852569031015,39,0.0,38.96666666666667,0.18257418583505536,0.03333333333333333,0.3333333333333333,0.06533333333333333,239121,2173.827272727273,1144.9553974159164,409.7170270212998,2,10,218374,457495,0.0019580966666666666,0.0010708325628907287,0.0003831925113374634
deepseek-r1-distill-qwen-32b@q4_k_m|noisol_temp03,44,0,43,1,0.0,0.0,0.0,0.9772727272727273,0.022467523936912745,0.04403634691634898,0.022727272727272728,0.022467523936912755,0.044036346916349,0.0,2.272727272727273,97.72727272727273,0.011363636363636354,0.07537783614444091,0.022272727272727274,0.5,0,0,0.017386363636363637,0.008246820131620314,0.002436779629848294,44,100.0,0.0,0.0,0,0.0,0.0,0.0,34,0,0,0,0,0,9,0,0,1,153,3.477272727272727,1.6493640263240628,0.4873559259696588,92,24,75.09469696969697,13.825757575757576,750.9469696969697,138.25757575757575,889.2045454545455,532.721960355369,214.8727026987044,466.83821440459513,157.40928026179242,63.490826353669526,137.94187737090354,39,0.0,39,0.0,0,0.0,0.0,328701,2148.372549019608,825.5011176731681,243.9199929012819,1,8,310199,638900,0.0018465943181818184,0.0008160526386789477,0.000241128145767635
deepseek-r1-distill-qwen-32b@q4_k_m|noisol_temp06,34,0,34,0,0.0,0.0,0.0,1.0,0.0,0.0,0.0,0.0,0.0,0.0,0.0,100.0,0.0,0.0,0.0,0.5,0,0,0.016764705882352942,0.00878034590168848,0.002951401122434744,34,100.0,0.0,0.0,0,0.0,0.0,0.0,32,0,0,0,0,0,2,0,0,0,114,3.3529411764705883,1.756069180337696,0.5902802244869488,81,18,88.48039215686275,18.137254901960784,884.8039215686274,181.37254901960785,1066.1764705882354,534.092225971078,366.10987812400293,452.5132826169211,179.52827973571985,123.06315916572719,152.10655994490864,39,0.0,39,0.0,0,0.0,0.0,252227,2212.5175438596493,683.2438583762847,229.66369583692938,2,8,191512,443739,0.001765323529411765,0.0009507094105022149,0.000319568824814285
deepseek-reasoner,31,7,18,6,0.22580645161290322,0.07509518648353262,0.14718656550772394,0.5806451612903226,0.08862686513992751,0.17370865567425792,0.1935483870967742,0.07095828146194513,0.13907823166541247,22.58064516129032,19.35483870967742,58.06451612903226,0.3225806451612903,0.41929279938117614,0.14760213134619585,0.7692307692307692,0.2594372608313854,0.14103170150147934,0.6235483870967742,0.39130166016426743,0.1377485116004681,18,58.06451612903226,0.08862686513992751,0.17370865567425792,13,41.935483870967744,0.08862686513992751,0.17370865567425792,16,7,1,3,0,0,2,0,2,0,2845,91.7741935483871,65.01728471589657,22.88780015438446,9,44,0.6105746600504369,4.682528268877056,6.105746600504369,46.825282688770564,52.93102928927493,21.376097030887802,91.35084715691808,93.1891270955697,7.524950312237051,32.15790912827924,32.80503218251817,21.93548387096774,13.971245432127057,10.806451612903226,14.005759184084976,11.129032258064516,17.038444469706075,3.6034642290753296,13044247,4584.972583479789,541.9301647227277,190.77372058839293,4,200,901267,13945514,0.9375031541935483,0.6331435306332133,0.2228832326895267
gemini-1.5-flash-001,30,0,20,10,0.0,0.0,0.0,0.6666666666666666,0.08606629658238704,0.1686899413014786,0.3333333333333333,0.08606629658238704,0.1686899413014786,0.0,33.33333333333333,66.66666666666666,0.16666666666666669,0.23973165074269207,0.08578686946835207,0.4166666666666667,0.19462473604038075,0.1101193108689962,0.429,0.47710585827466007,0.1707301387179975,18,60.0,0.08944271909999159,0.17530772943598352,12,40.0,0.08944271909999159,0.17530772943598352,18,2,0,0,0,0,0,0,10,0,2524,84.13333333333334,93.69750790979313,33.52922259395211,18,36,11.457671957671957,22.915343915343914,114.57671957671957,229.15343915343914,343.73015873015873,112.80007543582951,225.60015087165903,338.40022630748854,40.364988592265625,80.72997718453125,121.09496577679688,29.266666666666666,12.119899092937553,35.666666666666664,6.0477030882540985,-6.4,-3.314049391468746,3.1275403136959086,50265,19.914817749603802,12.328690894672645,4.41176537691356,4,200,1234960,1285225,0.0033842233333333336,0.0035508624237086048,0.0012706597994009442
gemini-1.5-pro-preview-0409,40,0,37,3,0.0,0.0,0.0,0.925,0.041645828122394195,0.08162582311989262,0.075,0.04164582812239421,0.08162582311989265,0.0,7.5,92.5,0.03749999999999998,0.13337339141845925,0.04133284222206169,0.5,0.0,0.0,0.32825,0.29866916350833617,0.09255853270727166,37,92.5,0.041645828122394195,0.08162582311989262,3,7.5,0.04164582812239421,0.08162582311989265,19,0,0,0,0,0,0,0,3,18,2626,65.65,59.73383270166723,18.51170654145433,14,71,0.4732730371931678,7.771717780731329,4.7327303719316784,77.71717780731329,82.44990817924497,8.100323910525935,76.13134525043243,72.66287792474854,2.510316387553625,23.59334832775283,22.518459167327492,29.75,9.662908199491232,33.075,7.169692265326817,-3.325,-3.83699709622505,2.355334975359948,35145,13.383472962680884,1.142822376876253,0.3541643238497577,5,200,1665689,1700834,0.15497334999999998,0.13441748222490277,0.041656409315237244
gemini-2.0-flash-001,67,3,41,23,0.04477611940298507,0.02526611161284531,0.049521578761176806,0.6119402985074627,0.05953418302796191,0.11668699873480534,0.34328358208955223,0.058006685713137024,0.11369310399774857,4.477611940298507,34.32835820895522,61.19402985074627,0.2164179104477612,0.2915980083303627,0.06982375864012631,0.48333333333333334,0.2450662589267805,0.08769583449043164,0.8337313432835821,0.2119665198041078,0.050755830615350925,37,55.223880597014926,0.06075042007726675,0.11907082335144283,30,44.776119402985074,0.06075042007726675,0.11907082335144283,37,7,0,0,0,0,0,0,23,0,10640,158.80597014925374,45.50399210124987,10.89602696476666,18,95,0.21359906619745536,1.1927216140577819,2.1359906619745535,11.927216140577817,14.063206802552372,5.861198205626091,16.670246427749056,17.55504669712055,1.403476282965285,3.9917256969871366,4.203592989246968,14.671641791044776,6.749608427927376,16.65671641791045,9.248345042461562,-1.9850746268656716,-2.5153759683125876,2.288594271817639,997754,93.77387218045112,12.805319695384961,3.0662608323004634,26,200,5850859,6848613,0.014689365671641792,0.004550529652940255,0.0010896339312841388
gemini-2.0-flash-exp,30,0,28,2,0.0,0.0,0.0,0.9333333333333333,0.045542003404264876,0.08926232667235916,0.06666666666666667,0.04554200340426488,0.08926232667235917,0.0,6.666666666666667,93.33333333333333,0.033333333333333326,0.1268540658512312,0.045394144473603876,0.5,0.0,0.0,0.42933333333333334,0.3681166731587572,0.1317288597127678,28,93.33333333333333,0.045542003404264876,0.08926232667235916,2,6.666666666666667,0.04554200340426488,0.08926232667235917,27,0,0,0,0,0,1,0,2,0,2576,85.86666666666666,73.62333463175143,26.34577194255355,0,81,0.0,11.739474439973138,0.0,117.39474439973138,117.39474439973138,0.0,131.05901167444793,131.05901167444793,0.0,46.898865011506324,46.898865011506324,26.933333333333334,12.25007623715428,27.166666666666668,12.512292806051487,-0.23333333333333334,-1.2193564485896013,1.8811008597213612,433155,168.15023291925465,44.933603117283866,16.07928337131627,6,200,1720039,2153194,0.011508863333333334,0.010199540701913421,0.0036498587655049704
gemini-2.0-flash-lite-001,66,1,65,0,0.015151515151515152,0.015036292831784037,0.029471133950296713,0.9848484848484849,0.015036292831784029,0.029471133950296696,0.0,0.0,0.0,1.5151515151515151,0.0,98.48484848484848,0.015151515151515138,0.12309149097933274,0.029696969696969697,0.33333333333333337,0.5773502691896257,0.6533333333333333,0.4303030303030303,0.3170099231495623,0.07648159922761767,63,95.45454545454545,0.025639821582625726,0.05025405030194642,3,4.545454545454546,0.025639821582625736,0.05025405030194644,63,3,0,0,0,0,0,0,0,0,5558,84.21212121212122,60.84874441572067,14.68032684172875,17,172,0.9713026443697207,12.368393202231612,9.713026443697206,123.68393202231611,133.39695846601333,42.26675730597222,224.57653692242246,223.46423121794098,10.1972492242813,54.18118310676204,53.91282898628674,26.40909090909091,11.33812801361613,30.12121212121212,9.105391727331588,-3.712121212121212,-3.712447262125066,1.8624340549093443,834534,150.15005397625046,28.91320321046422,6.975579812642362,4,199,3259157,4093691,0.007496923863636363,0.005442399100121958,0.0013130295186876376
gemini-2.0-flash-lite-preview-02-05,39,0,39,0,0.0,0.0,0.0,1.0,0.0,0.0,0.0,0.0,0.0,0.0,0.0,100.0,0.0,0.0,0.0,0.0,0,0,0.27487179487179486,0.26535846455286016,0.08328306760978821,38,97.43589743589743,0.025310159835529474,0.04960791327763777,1,2.564102564102564,0.025310159835529464,0.04960791327763775,38,1,0,0,0,0,0,0,0,0,1999,51.256410256410255,47.422911378538686,14.883736764331012,21,93,1.7163418704749316,14.038190359021359,17.163418704749315,140.3819035902136,157.54532229496292,30.4015560604904,215.36581767188622,212.42111586641843,9.541564287745643,67.5928163219834,66.66861818129593,32.794871794871796,8.529143497381222,34.23076923076923,6.84974658947913,-1.435897435897436,-1.8516278348420254,1.638422260188671,287863,144.00350175087544,26.603699738083733,8.349602593950689,4,192,1158414,1446277,0.0044420499999999995,0.0041666850060100786,0.0013077190118994753
gemini-2.0-flash-thinking-exp-01-21,33,0,33,0,0.0,0.0,0.0,1.0,0.0,0.0,0.0,0.0,0.0,0.0,0.0,100.0,0.0,0.0,0.0,0.5,0,0,0.20318181818181819,0.12561609534247953,0.04285923263795153,33,100.0,0.0,0.0,0,0.0,0.0,0.0,2,0,0,0,0,0,0,0,0,31,1341,40.63636363636363,25.123219068495906,8.571846527590305,7,1,4.9629820936639115,0.06184291898577613,49.62982093663912,0.6184291898577613,50.24825012649688,260.95849749470597,3.55260522358567,260.861371374793,89.03700534937455,1.2121212121212122,89.00386667429298,33.21212121212121,6.989982008907353,33.72727272727273,6.969902829634388,-0.5151515151515151,-0.7686419219269546,1.8415713237103288,23829,17.76957494407159,25.800191931755634,8.802824391986771,2,119,625305,649134,0.0015430318181818183,0.0009693855048832951,0.0003307467785587288
gemini-2.0-flash-thinking-exp-1219,30,0,30,0,0.0,0.0,0.0,1.0,0.0,0.0,0.0,0.0,0.0,0.0,0.0,100.0,0.0,0.0,0.0,0.5,0,0,0.011666666666666667,0.00461133037377414,0.0016501433816722194,30,100.0,0.0,0.0,0,0.0,0.0,0.0,30,0,0,0,0,0,0,0,0,0,70,2.3333333333333335,0.9222660747548281,0.3300286763344439,89,1,138.61111111111111,0.5555555555555555,1386.111111111111,5.555555555555555,1391.6666666666667,302.83093842426683,30.429030972509228,283.7809176026505,108.36665957581356,10.888888888888888,101.54969717418454,39,0.0,39,0.0,0,0.0,0.0,50718,724.5428571428571,218.76937952835388,78.2856170519377,2,6,224271,274989,0.001030479,0.0007225316152985017,0.0002585546179502943
gemini-2.0-pro-exp-02-05,43,0,20,23,0.0,0.0,0.0,0.46511627906976744,0.07606348725472868,0.1490844350192682,0.5348837209302325,0.07606348725472867,0.14908443501926819,0.0,53.48837209302325,46.51162790697674,0.2674418604651163,0.2523422942038756,0.07542440463705946,0.5,0.0,0.0,0.3025581395348837,0.3620319179776163,0.10821032581646028,36,83.72093023255815,0.05629859893855318,0.11034525391956422,7,16.27906976744186,0.056298598938553185,0.11034525391956423,20,0,0,0,0,0,0,0,7,16,2602,60.51162790697674,72.40638359552327,21.64206516329206,0,60,0.0,8.34907397326196,0.0,83.49073973261962,83.49073973261962,0.0,156.72262220223905,156.72262220223905,0.0,46.84395261625203,46.84395261625203,31.41860465116279,10.788513640816008,31.930232558139537,10.159197917433314,-0.5116279069767442,-0.6014303751317122,1.779537882377112,430408,165.41429669485012,65.81744743698273,19.672650608679195,1,200,1479409,1909817,0.0,0.0,0.0
gemini-2.5-pro-preview-03-25,43,12,19,12,0.27906976744186046,0.06840199785294701,0.13406791579177613,0.4418604651162791,0.07573205436112189,0.1484348265477989,0.27906976744186046,0.06840199785294701,0.13406791579177613,27.906976744186046,27.906976744186046,44.18604651162791,0.41860465116279066,0.42159324447549607,0.12601303940701897,0.7608695652173914,0.2553769592276246,0.10436956295337022,0.7362790697674418,0.3220786154830758,0.0962683956559126,20,46.51162790697674,0.07606348725472868,0.1490844350192682,23,53.48837209302325,0.07606348725472867,0.14908443501926819,9,12,5,3,0,0,1,0,3,10,4483,104.25581395348837,53.33679736812449,15.94221927572728,63,218,1.731756640467541,4.9972402919318775,17.31756640467541,49.972402919318775,67.28996932399419,17.1698730859514,32.51211824004047,44.038698449791475,5.132026952863717,9.717781038177911,13.163043563687712,22.13953488372093,13.23340181465219,7.744186046511628,10.045356717588987,14.395348837209303,19.052506056405544,3.367225270348386,1949793,434.9304037474905,39.089827731692225,11.6838399735165,12,200,3563648,5513441,0.5570346511627907,0.282768430682378,0.08451869157194346
gemma-2-27b-it@q6_k_l,30,0,22,8,0.0,0.0,0.0,0.7333333333333333,0.08073734277593311,0.15824519184082889,0.26666666666666666,0.08073734277593311,0.15824519184082889,0.0,26.666666666666668,73.33333333333333,0.13333333333333336,0.2248882225544018,0.08047521690805479,0.4,0.21081851067789195,0.13066666666666665,0.5673333333333334,0.37030214441847287,0.13251092055914843,20,66.66666666666666,0.08606629658238704,0.1686899413014786,10,33.33333333333333,0.08606629658238704,0.1686899413014786,20,2,0,0,0,0,0,0,8,0,3268,108.93333333333334,70.56419592914268,25.251073216902363,8,52,0.3831407649251797,4.8078261437633945,3.831407649251797,48.07826143763394,51.90966908688574,8.09218553572312,69.5850841958457,69.63566615943594,2.8957514041892853,24.9007025829078,24.91880310611584,25.466666666666665,11.717164931116592,26.333333333333332,10.306788299827996,-0.8666666666666667,1.3392604995286117,2.669171283562778,179885,55.04436964504284,7.627197066843112,2.7293574175775106,10,200,2028385,2208270,0.019874430000000002,0.01188553497639129,0.004253184068196279
gemma-2-9b-it-8bit,30,0,26,4,0.0,0.0,0.0,0.8666666666666667,0.06206328908341751,0.12164404660349831,0.13333333333333333,0.06206328908341752,0.12164404660349833,0.0,13.333333333333334,86.66666666666667,0.06666666666666665,0.1728729518208802,0.06186179132593591,0.4,0.22360679774997896,0.19599999999999998,0.355,0.3772655700495708,0.13500275041898094,25,83.33333333333334,0.06804138174397716,0.13336110821819522,5,16.666666666666664,0.06804138174397717,0.13336110821819525,25,1,0,0,0,0,0,0,4,0,2075,69.16666666666667,72.83333990899257,26.06307596164304,45,31,16.366922692296473,7.1240543444811735,163.66922692296475,71.24054344481173,234.90977036777647,372.22554089131256,113.8875229408837,378.2574577493639,133.19919914747922,40.754126684297944,135.3576928738708,32,9.180188563911175,34.13333333333333,7.7581251438170575,-2.1333333333333333,-3.0559760306903234,1.8045446926836475,120608,58.12433734939759,13.096960671444986,4.686687185745504,2,200,1201066,1321674,0.0014422819999999998,0.0013680032154892638,0.0004895336636438727
gemma2-9b-it,35,0,35,0,0.0,0.0,0.0,1.0,0.0,0.0,0.0,0.0,0.0,0.0,0.0,100.0,0.0,0.0,0.0,0.5,0,0,0.07371428571428572,0.07948679928456172,0.026334013791158784,35,100.0,0.0,0.0,0,0.0,0.0,0.0,35,0,0,0,0,0,0,0,0,0,516,14.742857142857142,15.897359856912344,5.266802758231758,83,22,41.48091421576605,6.174548926428625,414.8091421576605,61.745489264286256,476.55463142194674,479.25786143819266,85.57500964607492,463.0309225488192,158.7783537169787,28.35104073231911,153.40236127109787,38.714285714285715,1.0451970985368817,38.31428571428572,2.272229127989524,0.4,1.1613037559521415,0.5636118814762305,10432,20.217054263565892,4.551421096025642,1.5078879385119421,2,88,342837,353269,0.00201868,0.001779754709602686,0.0005896335679559796
google_gemma-3-12b-it@iq4_xs,134,0,134,0,0.0,0.0,0.0,1.0,0.0,0.0,0.0,0.0,0.0,0.0,0.0,100.0,0.0,0.0,0.0,0.5,0,0,0.14888059701492537,0.1421354878766264,0.024066126585719067,134,100.0,0.0,0.0,0,0.0,0.0,0.0,133,0,0,0,0,0,1,0,0,0,3990,29.776119402985074,28.427097575325277,4.8132253171438135,329,70,21.048271330087495,2.5230266285927776,210.48271330087496,25.230266285927776,235.71297958680273,302.65815620542594,69.79697888560595,293.6182191162165,51.245537678545574,11.817899627007794,49.714911699306036,35.78358208955224,5.972823088254547,36.059701492537314,5.186392250098083,-0.27611940298507465,-0.07131335107455776,0.7327331647677001,443465,111.14411027568923,15.546320516530386,2.632275183926867,2,158,2527656,2971121,0.0,0.0,0.0
google_gemma-3-12b-it@q4_k_m,67,0,66,1,0.0,0.0,0.0,0.9850746268656716,0.014813571012293449,0.029034599184095157,0.014925373134328358,0.014813571012293426,0.029034599184095115,0.0,1.4925373134328357,98.50746268656717,0.007462686567164201,0.06108472217815261,0.01462686567164179,0.5,0,0,0.11940298507462686,0.12868661248699712,0.030814281009517948,66,98.50746268656717,0.014813571012293449,0.029034599184095157,1,1.4925373134328357,0.014813571012293426,0.029034599184095115,65,0,0,0,0,0,1,0,1,0,1600,23.880597014925375,25.737322497399422,6.162856201903589,146,49,15.661914612972394,3.935936530842436,156.61914612972396,39.35936530842436,195.9785114381483,139.9451041183753,72.50890369231638,118.57167205760163,33.510150596633295,17.362410050951272,28.392237171683455,36.64179104477612,5.426370773717733,37.059701492537314,4.686798341877105,-0.417910447761194,0.3224424197312368,1.263043600813171,240092,150.0575,27.138725560465602,6.498425123630267,6,200,1162907,1402999,0.0,0.0,0.0
google_gemma-3-12b-it@q8_0,67,0,67,0,0.0,0.0,0.0,1.0,0.0,0.0,0.0,0.0,0.0,0.0,0.0,100.0,0.0,0.0,0.0,0.0,0,0,0.09880597014925373,0.1444270014633554,0.0345833503768978,66,98.50746268656717,0.014813571012293449,0.029034599184095157,1,1.4925373134328357,0.014813571012293426,0.029034599184095115,66,1,0,0,0,0,0,0,0,0,1153,17.208955223880597,18.353050537810308,4.394676693437049,161,37,23.741280690375905,4.880114321394761,237.41280690375905,48.80114321394761,286.2139501177067,199.28650063543023,83.26310536652068,191.63753501002233,47.719573258672234,19.93752634329632,45.888012293173375,37.059701492537314,4.5256193181235975,38.059701492537314,3.361459806505994,-1,-5.747394132497125,0.6511133699546455,174228,151.1084128360798,29.257575039063507,7.005788104041176,4,138,895546,1069774,0.0,0.0,0.0
google_gemma-3-27b-it@iq4_xs,67,0,67,0,0.0,0.0,0.0,1.0,0.0,0.0,0.0,0.0,0.0,0.0,0.0,100.0,0.0,0.0,0.0,0.5,0,0,0.04835820895522388,0.02585489900974593,0.0061910101459817304,67,100.0,0.0,0.0,0,0.0,0.0,0.0,67,0,0,0,0,0,0,0,0,0,648,9.671641791044776,5.170979801949186,1.2382020291963463,16,185,2.2663468372423594,37.62987012987013,22.663468372423594,376.2987012987013,398.9621696711249,58.738169654036454,214.80355769310555,197.74538187426424,14.064978716314442,51.43516532668354,47.35054911810433,38.059701492537314,2.315171287693715,38.8955223880597,0.5261157943234883,-0.835820895522388,-4.947879649372187,0.5709192174411818,75066,115.8425925925926,19.106114478183674,4.574999443631009,4,28,682137,757203,0.0,0.0,0.0
google_gemma-3-27b-it@q4_k_m,67,0,67,0,0.0,0.0,0.0,1.0,0.0,0.0,0.0,0.0,0.0,0.0,0.0,100.0,0.0,0.0,0.0,0.5,0,0,0.04417910447761194,0.023493987221191833,0.005625684834473197,67,100.0,0.0,0.0,0,0.0,0.0,0.0,67,0,0,0,0,0,0,0,0,0,592,8.835820895522389,4.698797444238366,1.1251369668946392,7,194,1.3557213930348258,40.595182181003075,13.557213930348258,405.95182181003076,419.50903574037903,57.32967418613642,189.79481390155883,179.77301855759717,13.72771150327867,45.44676883388112,43.047028783377286,38.25373134328358,2.0400778623145106,38.97014925373134,0.17145979772029107,-0.7164179104477612,-5.2644681189457305,0.4893230978007543,57942,97.875,20.251793006935312,4.849334585797342,4,26,519546,577488,0.0,0.0,0.0
gpt-35-turbo-0125,30,0,30,0,0.0,0.0,0.0,1.0,0.0,0.0,0.0,0.0,0.0,0.0,0.0,100.0,0.0,0.0,0.0,0.5,0,0,0.014333333333333333,0.009352607356658146,0.003346787560210548,30,100.0,0.0,0.0,0,0.0,0.0,0.0,30,0,0,0,0,0,0,0,0,0,86,2.8666666666666667,1.8705214713316294,0.6693575120421097,90,0,128.5,0.0,1285.0,0.0,1285.0,404.3193514179534,0.0,404.3193514179534,144.68382174888134,0.0,144.68382174888134,39,0.0,39,0.0,0,0.0,0.0,7054,82.02325581395348,44.82439506963676,16.04020377336009,2,10,89137,96191,0.0018383166666666665,0.0010714280631662725,0.00038340560837428847
gpt-35-turbo-0301,30,0,30,0,0.0,0.0,0.0,1.0,0.0,0.0,0.0,0.0,0.0,0.0,0.0,100.0,0.0,0.0,0.0,0.5,0,0,0.011333333333333334,0.003457459036417604,0.0012372358265187182,30,100.0,0.0,0.0,0,0.0,0.0,0.0,30,0,0,0,0,0,0,0,0,0,68,2.2666666666666666,0.6914918072835208,0.24744716530374364,90,0,140.0,0.0,1400.0,0.0,1400.0,259.3094277313203,0.0,259.3094277313203,92.79268698890385,0.0,92.79268698890385,39,0.0,39,0.0,0,0.0,0.0,4560,67.05882352941177,39.268143182044106,14.051924570603521,2,4,57543,62103,0.00118705,0.000325645283801361,0.0001165306682196757
gpt-35-turbo-0613,30,0,30,0,0.0,0.0,0.0,1.0,0.0,0.0,0.0,0.0,0.0,0.0,0.0,100.0,0.0,0.0,0.0,0.5,0,0,0.020666666666666667,0.01412587094253156,0.005054877997625781,30,100.0,0.0,0.0,0,0.0,0.0,0.0,30,0,0,0,0,0,0,0,0,0,124,4.133333333333334,2.825174188506312,1.0109755995251561,90,0,105.16666666666667,0.0,1051.6666666666667,0.0,1051.6666666666667,527.3932860408061,0.0,527.3932860408061,188.72526363499827,0.0,188.72526363499827,39,0.0,38.96666666666667,0.18257418583505536,0.03333333333333333,0.27777777777777773,0.06533333333333333,11610,93.62903225806451,54.70543497077447,19.57608849106176,2,12,129031,140641,0.0027310166666666665,0.0022123348155104233,0.0007916738463632714
gpt-35-turbo-1106,30,0,30,0,0.0,0.0,0.0,1.0,0.0,0.0,0.0,0.0,0.0,0.0,0.0,100.0,0.0,0.0,0.0,0.5,0,0,0.018,0.012148506364839742,0.004347287170998304,30,100.0,0.0,0.0,0,0.0,0.0,0.0,30,0,0,0,0,0,0,0,0,0,108,3.6,2.4297012729679484,0.8694574341996607,88,2,113.02777777777777,0.8888888888888888,1130.2777777777778,8.88888888888889,1139.1666666666667,506.3272235852527,34.94202459809747,491.9473677576476,181.18686999991505,12.503842917155202,176.0411046784201,39,0.0,39,0.0,0,0.0,0.0,5219,48.324074074074076,22.887643804132683,8.190238149115658,2,10,49156,54375,0.0010802166666666667,0.0007192049451727369,0.0002573641843343778
gpt-4-0613,33,0,3,30,0.0,0.0,0.0,0.09090909090909091,0.050043807505743665,0.09808586271125758,0.9090909090909091,0.05004380750574367,0.09808586271125759,0.0,90.9090909090909,9.090909090909092,0.45454545454545453,0.14596855203028555,0.049803332226131675,0.45454545454545453,0.14596855203028555,0.049803332226131675,1.0,0.0,0.0,0,0.0,0.0,0.0,33,100.0,0.0,0.0,0,3,0,0,0,0,0,0,30,0,6365,192.87878787878788,30.643879462053242,10.45545282404063,0,0,0.0,0.0,0.0,0.0,0.0,0.0,0.0,0.0,0.0,0.0,0.0,15.151515151515152,8.085949279928471,18.78787878787879,7.51564025781227,-3.6363636363636362,-2.040365681161834,3.0082751801038166,41816,6.56967792615868,0.14783478767701136,0.050440077282743946,35,200,1091677,1133493,1.0684627272727274,0.17708800190993898,0.060421045969906224
gpt-4-32k-0613,33,0,1,32,0.0,0.0,0.0,0.030303030303030304,0.02984036144953521,0.05848710844108901,0.9696969696969697,0.029840361449535197,0.05848710844108898,0.0,96.96969696969697,3.0303030303030303,0.48484848484848486,0.08703882797784893,0.0296969696969697,0.48484848484848486,0.08703882797784893,0.0296969696969697,1.0,0.0,0.0,0,0.0,0.0,0.0,33,100.0,0.0,0.0,0,1,0,0,0,0,0,0,32,0,6557,198.6969696969697,7.4853392060950075,2.553939393939394,0,0,0.0,0.0,0.0,0.0,0.0,0.0,0.0,0.0,0.0,0.0,0.0,13.787878787878787,6.589563603520986,17.727272727272727,7.657809442297808,-3.9393939393939394,-2.056842308434665,3.8704449219024233,43647,6.6565502516394695,0.3840245849810426,0.13102619518240477,157,200,1137339,1180986,2.2266054545454548,0.17072325788192477,0.05824944491644293
gpt-4-turbo-2024-04-09,30,0,2,28,0.0,0.0,0.0,0.06666666666666667,0.04554200340426488,0.08926232667235917,0.9333333333333333,0.045542003404264876,0.08926232667235916,0.0,93.33333333333333,6.666666666666667,0.4666666666666667,0.1268540658512312,0.045394144473603876,0.4666666666666667,0.1268540658512312,0.045394144473603876,1.0,0.0,0.0,0,0.0,0.0,0.0,30,100.0,0.0,0.0,0,2,0,0,0,0,0,0,28,0,5786,192.86666666666667,29.93064780723798,10.710544763647627,0,0,0.0,0.0,0.0,0.0,0.0,0.0,0.0,0.0,0.0,0.0,0.0,15.433333333333334,8.033049549048684,20.8,9.654014708917735,-5.366666666666666,-3.062647754137116,3.719412378917461,34906,6.032837884548911,0.08651231569384422,0.03095803458091743,45,200,2439800,2474706,0.8481726666666668,0.1353598924179622,0.048437915419743065
gpt-4.1-2025-04-14,38,0,6,32,0.0,0.0,0.0,0.15789473684210525,0.05915278809989646,0.11593946467579705,0.8421052631578947,0.05915278809989647,0.11593946467579708,0.0,84.21052631578947,15.789473684210526,0.42105263157894735,0.184768510738316,0.05874788436868099,0.43243243243243246,0.17329174830334546,0.055838416341711924,0.9755263157894737,0.15086592165160917,0.047968421052631584,1,2.631578947368421,0.025967220580682373,0.05089575233813745,37,97.36842105263158,0.025967220580682362,0.05089575233813743,1,5,0,0,0,0,0,0,32,0,7255,190.92105263157896,33.65515227328047,10.700789795081793,401,10,5.554302675843997,0.4815403894351262,55.543026758439964,4.815403894351263,60.35843065279123,25.504450287238914,23.120315973154845,36.47907040339731,8.109241614679371,7.351196607748598,11.598665819041772,17.657894736842106,8.74650915937934,28.13157894736842,6.9755211086227895,-10.473684210526315,-5.700331901204558,3.2203005285993522,146604,20.207305306685043,1.2214159375778566,0.3883540652038596,14,200,3327428,3474032,0.28479929473684207,0.05176775245046808,0.016459763207670477
gpt-4.1-mini-2025-04-14,42,0,14,28,0.0,0.0,0.0,0.3333333333333333,0.07273929674533079,0.14256902162084836,0.6666666666666666,0.07273929674533079,0.14256902162084836,0.0,66.66666666666666,33.33333333333333,0.33333333333333337,0.23855936180684895,0.0721485970355664,0.4117647058823529,0.19347649748797371,0.06503465333193069,0.9178571428571428,0.20619119370712546,0.062359344166516444,8,19.047619047619047,0.06059133431241445,0.11875901525233232,34,80.95238095238095,0.06059133431241445,0.11875901525233232,1,6,0,0,0,0,7,0,28,0,7160,170.47619047619048,53.379560395908044,16.143824177641143,103,27,1.6906033139701775,0.4046880899986538,16.906033139701776,4.0468808999865375,20.952914039688313,14.344286517553508,7.105095299705063,17.22395307233427,4.338208066450168,2.148826412827033,5.209118770956045,17.88095238095238,8.600063473822427,26.666666666666668,8.277700477986144,-8.785714285714286,-5.208208515072645,2.693101696551298,58059,8.108798882681564,1.9197716692658042,0.5806053114708603,27,200,1641969,1700028,0.01784957142857143,0.005367553787853945,0.0016233337999124553
gpt-4.1-nano-2025-04-14,42,0,42,0,0.0,0.0,0.0,1.0,0.0,0.0,0.0,0.0,0.0,0.0,0.0,100.0,0.0,0.0,0.0,0.5,0,0,0.06666666666666667,0.0430918851885792,0.013032475591928057,42,100.0,0.0,0.0,0,0.0,0.0,0.0,42,0,0,0,0,0,0,0,0,0,560,13.333333333333334,8.61837703771584,2.6064951183856113,319,51,61.13176163402833,13.032903669790002,611.3176163402833,130.32903669790002,741.6466530381833,103.19217257238161,95.08996158415711,170.78301527650962,31.20887991885817,28.758491255596056,51.650687092633405,38.57142857142857,1.0155584104409856,38.357142857142854,2.046072127229581,0.21428571428571427,1.0460466237777164,0.6494600634247959,17646,31.510714285714286,4.259438381303178,1.2882013979366933,4,38,371880,389526,0.0010534857142857144,0.0006930117084751338,0.00020959069523410494
gpt-4.5-preview-2025-02-27,44,0,3,41,0.0,0.0,0.0,0.06818181818181818,0.037999120160639506,0.07447827551485343,0.9318181818181818,0.03799912016063952,0.07447827551485346,0.0,93.18181818181817,6.8181818181818175,0.46590909090909094,0.12748585296467635,0.03766966232318218,0.46590909090909094,0.12748585296467635,0.03766966232318218,1.0,0.0,0.0,0,0.0,0.0,0.0,44,100.0,0.0,0.0,0,3,0,0,0,1,0,0,40,0,8558,194.5,23.25640696918333,6.871829124619616,0,43,0.0,0.48863636363636365,0.0,4.886363636363637,4.886363636363637,0.0,6.602381209240747,6.602381209240747,0.0,1.9508789790968757,1.9508789790968757,12.727272727272727,7.653434056299344,10.272727272727273,6.358892825830743,2.4545454545454546,1.11728677417457,2.8558902045199352,68750,8.033419023136247,0.057018449500903276,0.016847875187261527,73,200,3666114,3734864,6.483432954545454,0.8034549697547622,0.23740577247367586
gpt-4o-2024-05-13,60,0,12,48,0.0,0.0,0.0,0.2,0.051639777949432225,0.10121396478088716,0.8,0.05163977794943222,0.10121396478088715,0.0,80.0,20.0,0.4,0.2016877936358443,0.05103405310448296,0.4363636363636364,0.16817499303650435,0.04444635441258742,0.9586666666666667,0.15296467595623336,0.03870540331238505,5,8.333333333333332,0.03568120160740314,0.06993515515051014,55,91.66666666666666,0.035681201607403144,0.06993515515051016,5,7,0,0,0,0,0,0,48,0,11057,184.28333333333333,37.280926948297484,9.43337606785952,1,16,0.008333333333333333,0.3461510791480984,0.08333333333333333,3.461510791480984,3.5448441248143174,0.6454972243679028,13.806160480194352,13.800001345189362,0.16333333333333333,3.4934406015041684,3.4918821253204784,13.633333333333333,7.955313045362672,17.35,7.0490412859372205,-3.716666666666667,-1.52775970493907,1.9141124636605054,346468,31.334720086822827,3.4351144673856893,0.8692038868007278,32,200,5019535,5366003,0.26689195833333335,0.05215790908282562,0.013197771932384566
gpt-4o-2024-08-06,60,1,9,50,0.016666666666666666,0.01652719420071502,0.032393300633401435,0.15,0.046097722286464436,0.0903515356814703,0.8333333333333334,0.04811252243246881,0.09430054396763886,1.6666666666666667,83.33333333333334,15.0,0.43333333333333335,0.19455875036767883,0.04923015626881916,0.4406779661016949,0.18765213971766886,0.04788324631760685,0.99525,0.036793341788970466,0.00931,1,1.6666666666666667,0.01652719420071502,0.032393300633401435,59,98.33333333333333,0.016527194200715044,0.032393300633401484,0,9,1,0,0,0,0,0,49,1,11214,186.9,31.814451465236647,8.050166925314263,0,1,0.0,0.015723270440251572,0.0,0.15723270440251572,0.15723270440251572,0.0,1.217919291260194,1.217919291260194,0.0,0.3081761006289308,0.3081761006289308,14.483333333333333,7.3496031638903245,19.333333333333332,8.711314806027705,-4.85,-3.2065795036217413,2.5698508958923365,86384,7.70322810772249,1.5343452763995387,0.3882429219180587,51,200,4649382,4735766,0.20812158333333336,0.03498520361259846,0.008852477915744266
gpt-4o-2024-11-20,71,3,6,62,0.04225352112676056,0.023874130344503686,0.046793295475227224,0.08450704225352113,0.03300994345777757,0.06469948917724404,0.8732394366197183,0.039484766709934636,0.07739014275147188,4.225352112676056,87.32394366197182,8.450704225352112,0.47887323943661975,0.178017248729078,0.04140845070422535,0.47887323943661975,0.178017248729078,0.04140845070422535,1.0,0.0,0.0,0,0.0,0.0,0.0,71,100.0,0.0,0.0,0,9,0,0,0,0,0,0,62,0,13470,189.71830985915494,32.63748200134823,7.5917787417310905,1,1,0.007042253521126761,0.007042253521126761,0.07042253521126761,0.07042253521126761,0.14084507042253522,0.5933908290969266,0.5933908290969266,0.8331656437585733,0.1380281690140845,0.1380281690140845,0.19380199803298997,11.901408450704226,8.055441691494664,19.901408450704224,8.637385400649675,-8,-4.1770473664269865,2.499408831512414,681249,50.575278396436524,1.088165291311674,0.2531172633271257,29,200,6229300,6910549,0.31529211267605634,0.0546535973519452,0.01271292983075374
gpt-4o-mini-2024-07-18,30,0,12,18,0.0,0.0,0.0,0.4,0.08944271909999159,0.17530772943598352,0.6,0.08944271909999159,0.17530772943598352,0.0,60.0,40.0,0.3,0.24913643956121992,0.08915232992487904,0.4736842105263158,0.11470786693528089,0.05157894736842105,0.77,0.34391257910836226,0.1230675358931209,11,36.666666666666664,0.08798147953257401,0.17244369988384506,19,63.33333333333333,0.08798147953257401,0.17244369988384506,11,1,0,0,0,0,0,0,18,0,4481,149.36666666666667,70.24316549565926,25.1361939516602,13,24,0.4701451970801816,3.1083346306256523,4.701451970801815,31.083346306256523,35.784798277058336,11.075969128911398,77.4024572511214,77.22372138224812,3.9634846502486036,27.69811360394209,27.63415379469353,20.433333333333334,9.339140229693795,24.866666666666667,9.179186852023866,-4.433333333333334,-3.8657824800518807,3.093589178876671,484917,108.21624637357732,22.621045465372628,8.09483715881323,10,200,2438163,2923080,0.021889155,0.010299072320362661,0.0036854756977432717
gpt-4o-mini-2024-07-18-moa-basline,28,0,11,17,0.0,0.0,0.0,0.39285714285714285,0.09229618630166095,0.18090052515125546,0.6071428571428571,0.09229618630166093,0.18090052515125543,0.0,60.71428571428571,39.285714285714285,0.3035714285714286,0.24867373069671903,0.09211003886254342,0.4722222222222222,0.11785113019775792,0.05444444444444445,0.7875,0.3125596239416066,0.11577370487611054,10,35.714285714285715,0.09055224157805535,0.17748239349298847,18,64.28571428571429,0.09055224157805535,0.17748239349298847,10,1,0,0,0,0,0,0,17,0,4387,156.67857142857142,62.0824145026286,22.995648139013895,322,83,7.3858074977907355,3.2806735754934624,73.85807497790735,32.80673575493462,106.66481073284197,35.89994321020348,55.57600636307814,57.94081837872239,13.29752505417563,20.58564083783872,21.46157946655241,19.785714285714285,10.709487461737918,24.821428571428573,8.304633117539343,-5.035714285714286,-2.90707625286141,3.3106757730218876,450921,102.78573056758604,21.571690080799137,7.990265823841467,12,200,2328392,2779313,0.022136121428571427,0.008351884936519248,0.0030935814728918964
granite-3.1-8b-instruct,30,0,30,0,0.0,0.0,0.0,1.0,0.0,0.0,0.0,0.0,0.0,0.0,0.0,100.0,0.0,0.0,0.0,0.5,0,0,0.021,0.01241522980192001,0.004442732927159696,30,100.0,0.0,0.0,0,0.0,0.0,0.0,18,0,0,0,0,0,12,0,0,0,126,4.2,2.483045960384002,0.8885465854319393,47,12,44.75,9.166666666666666,447.5,91.66666666666667,539.1666666666666,471.81149029615517,223.55324564820512,490.54347646141474,168.83557346855153,79.99750155741016,175.53872863001527,38.96666666666667,0.18257418583505536,39,0.0,-0.03333333333333333,-0.4166666666666667,0.06533333333333333,59110,469.12698412698415,572.4239729776169,204.83928800495804,2,10,377120,436230,0.0029082,0.001613409394141316,0.0005773511368458022
grok-2-1212,49,2,32,15,0.04081632653061224,0.028266354853739527,0.055402055513329475,0.6530612244897959,0.06799943900694229,0.13327890045360688,0.30612244897959184,0.06584017370633362,0.1290467404644139,4.081632653061225,30.612244897959183,65.3061224489796,0.19387755102040816,0.28534201938587817,0.07989576542804588,0.5277777777777778,0.2080880909489326,0.09613179346018015,0.6153061224489796,0.34454137415323777,0.09647158476290657,31,63.26530612244898,0.068868873533631,0.13498299212591675,18,36.734693877551024,0.068868873533631,0.13498299212591675,31,3,0,0,0,0,0,0,15,0,5593,114.14285714285714,67.88716128007317,19.00840515842049,1,93,0.05102040816326531,3.228054641491559,0.5102040816326531,32.28054641491559,32.79075049654825,3.5714285714285716,33.29480785150806,33.76028874374135,1.0,9.322546198422257,9.452880848247577,25.3265306122449,11.336496657371052,22.387755102040817,9.67775870775058,2.938775510204082,4.224505409505577,2.5202645363797296,370417,66.22867870552476,3.7027424516942338,1.0367678864743854,26,200,2811967,3182384,0.1903694693877551,0.11348271154510388,0.03177515923262909
grok-3-mini-beta-high,40,29,0,11,0.725,0.07060010623221469,0.1383762082151408,0.0,0.0,0.0,0.275,0.07060010623221469,0.1383762082151408,72.5,27.500000000000004,0.0,0.8625,0.2261012933881513,0.07006951676361968,0.8625,0.2261012933881513,0.07006951676361968,1.0,0.0,0.0,0,0.0,0.0,0.0,40,100.0,0.0,0.0,0,29,1,2,0,0,0,0,8,0,4526,113.15,59.72352970145016,18.508513608607252,3,93,0.07773569023569023,1.8933353680284046,0.7773569023569024,18.933353680284046,19.71071058264095,3.207188563618813,13.83297691714572,14.310720792582536,0.9939180331745697,4.2868839601140465,4.434938321002505,24.15,13.74222390840427,3.25,5.696377616408339,20.9,29.358734617863824,3.7569179403144286,43914,9.702607158638974,1.688388699443929,0.5232370788613634,38,200,1714669,1758583,0.0134089425,0.006364897647650786,0.001972502216761586
grok-3-mini-beta-low,42,8,1,33,0.19047619047619047,0.06059133431241445,0.11875901525233232,0.023809523809523808,0.023524369525222705,0.0461077642694365,0.7857142857142857,0.06331466145913703,0.12409673645990857,19.047619047619047,78.57142857142857,2.380952380952381,0.5833333333333334,0.21855028630106257,0.06609716097039935,0.5833333333333334,0.21855028630106257,0.06609716097039935,1.0,0.0,0.0,0,0.0,0.0,0.0,42,100.0,0.0,0.0,0,9,6,0,0,0,0,0,27,0,7461,177.64285714285714,40.875671951556825,12.362216103590404,16,33,0.22687078978607217,0.4335381199876998,2.268707897860722,4.335381199876998,6.60408909773772,3.6587321805980384,5.265057407857292,6.986024037994514,1.106527078877558,1.592335351719212,2.1128151474773778,18.333333333333332,9.222630349802907,2.7857142857142856,5.887298085339709,15.547619047619047,10.000634103007766,2.3054052192472043,113774,15.249162310682214,4.410149981904724,1.3337817954445896,38,200,2872301,2986075,0.021870888095238093,0.005048000712438702,0.001526689904259024
ignore,70,20,9,41,0.2857142857142857,0.05399492471560389,0.10583005244258362,0.12857142857142856,0.04000728796580704,0.0784142844129818,0.5857142857142857,0.05887675520277079,0.11539844019743074,28.57142857142857,58.57142857142858,12.857142857142856,0.5785714285714285,0.3143398221821788,0.07363875791094433,0.7857142857142857,0.2510482226267169,0.08317239361004063,0.6258571428571429,0.39770443783766907,0.09316815354391546,35,50.0,0.05976143046671968,0.11713240371477057,35,50.0,0.05976143046671968,0.11713240371477057,4,20,4,0,0,0,1,0,11,30,6078,86.82857142857142,64.3435010577167,15.073417884628478,11,7,0.24089407590207798,0.3442324510449341,2.40894075902078,3.442324510449341,5.851265269470121,7.2304631008651,22.54428963921737,24.107039588566792,1.6938430459505656,5.281333670967057,5.647430986911925,26.2,11.188244348163071,11.028571428571428,14.41212395069465,15.17142857142857,24.233882028165567,2.723217364000568,21601383,3554.028134254689,1885.0662828910563,441.6046897533942,1,200,1984968,23586351,0.0,0.0,0.0
internlm3-8b-instruct,30,0,30,0,0.0,0.0,0.0,1.0,0.0,0.0,0.0,0.0,0.0,0.0,0.0,100.0,0.0,0.0,0.0,0.5,0,0,0.018,0.009613209303008453,0.0034400427690471466,30,100.0,0.0,0.0,0,0.0,0.0,0.0,18,0,0,0,0,0,12,0,0,0,108,3.6,1.9226418606016906,0.6880085538094294,15,39,16.666666666666668,41.25,166.66666666666666,412.5,579.1666666666666,401.14777854287695,538.546495287275,593.1390534955603,143.5488889713334,192.71638830633754,212.25208436669746,39,0.0,39,0.0,0,0.0,0.0,166741,1543.898148148148,1200.712166233126,429.66933049762696,2,8,690605,857346,0.012542886666666668,0.007845535017062508,0.002807488649633985
kimi-k1.5-preview,5,0,5,0,0.0,0.0,0.0,1.0,0.0,0.0,0.0,0.0,0.0,0.0,0.0,100.0,0.0,0.0,0.0,0.5,0,0,0.012,0.00447213595499958,0.00392,5,100.0,0.0,0.0,0,0.0,0.0,0.0,0,0,0,0,0,0,5,0,0,0,12,2.4,0.8944271909999159,0.7839999999999999,1,0,10.0,0.0,100.0,0.0,100.0,223.60679774997897,0.0,223.60679774997897,196.0,0.0,196.0,39,0.0,39,0.0,0,0.0,0.0,53011,4417.583333333333,942.3908491172864,826.0419999999999,2,4,266027,319038,0.0,0.0,0.0
llama-2-7b-chat,30,0,30,0,0.0,0.0,0.0,1.0,0.0,0.0,0.0,0.0,0.0,0.0,0.0,100.0,0.0,0.0,0.0,0.5,0,0,0.010666666666666666,0.0025370813170246245,0.0009078828894720775,30,100.0,0.0,0.0,0,0.0,0.0,0.0,30,0,0,0,0,0,0,0,0,0,64,2.1333333333333333,0.5074162634049248,0.1815765778944155,88,2,142.5,2.5,1425.0,25.0,1450.0,238.07779082215674,100.6444749841122,190.28109877684682,85.19504329653721,36.015162834880925,68.0912167104058,39,0.0,39,0.0,0,0.0,0.0,7444,116.3125,191.40390584419586,68.49300805930116,2,4,75064,82508,8.9952e-05,4.818883004068115e-05,1.724415136560159e-05
llama-3-70b-instruct-awq,30,0,15,15,0.0,0.0,0.0,0.5,0.09128709291752768,0.17892270211835426,0.5,0.09128709291752768,0.17892270211835426,0.0,50.0,50.0,0.25,0.2542738138578039,0.0909907157067554,0.46875,0.125,0.06125,0.7426666666666667,0.31307081201117,0.11203095127885171,14,46.666666666666664,0.09108400680852977,0.17852465334471834,16,53.333333333333336,0.09108400680852977,0.17852465334471834,14,1,0,0,0,0,0,0,15,0,4449,148.3,62.428524647433186,22.339760638362048,2,41,0.0606060606060606,2.227814337138526,0.606060606060606,22.27814337138526,22.884203977445868,3.319530651546461,41.24344959064868,41.17651880522224,1.1878787878787878,14.758778890881988,14.73482801691518,21.566666666666666,10.129109071123317,26.966666666666665,7.716901885643207,-5.4,-2.185616310074592,3.0863249581219465,185118,41.60890087660148,7.531515042815582,2.695118045011193,14,200,2349787,2534905,0.02048327366666667,0.008078480453299022,0.002890847103429137
llama-3.1-8b-instant,60,0,60,0,0.0,0.0,0.0,1.0,0.0,0.0,0.0,0.0,0.0,0.0,0.0,100.0,0.0,0.0,0.0,0.5,0,0,0.14616666666666667,0.10794053081252841,0.02731272271022379,60,100.0,0.0,0.0,0,0.0,0.0,0.0,56,0,0,0,0,0,4,0,0,0,1754,29.233333333333334,21.58810616250568,5.462544542044757,27,146,3.0761016391498845,14.210738044440948,30.76101639149885,142.10738044440947,172.86839683590833,57.328862281400355,111.87094405565827,134.39497398999626,14.506203619694965,28.307254479134983,34.00662041037932,36.61666666666667,4.32999654231931,37.53333333333333,2.977125599661222,-0.9166666666666666,-2.980310189815331,0.9808762560869637,292050,166.50513112884835,273.77771529442293,69.2753200840037,6,98,1635437,1927487,0.0,0.0,0.0
llama-3.1-tulu-3-8b@q4_k_m,42,0,42,0,0.0,0.0,0.0,1.0,0.0,0.0,0.0,0.0,0.0,0.0,0.0,100.0,0.0,0.0,0.0,0.5,0,0,0.018333333333333333,0.010339756723718941,0.003127099836515277,42,100.0,0.0,0.0,0,0.0,0.0,0.0,7,0,0,0,0,0,35,0,0,0,154,3.6666666666666665,2.0679513447437885,0.6254199673030555,15,6,15.476190476190476,2.5,154.76190476190476,25.0,179.76190476190476,448.4131266721495,123.58960410933615,456.5324666959656,135.6156293204775,37.3777682717362,138.0711983961835,38.95238095238095,0.21554026870452117,39,0.0,-0.047619047619047616,-0.8928571428571429,0.06518682760516063,294365,1911.4610389610389,1799.8210498317999,544.3280979498184,2,10,1221669,1516034,0.0,0.0,0.0
llama-3.1-tulu-3-8b@q8_0,42,0,42,0,0.0,0.0,0.0,1.0,0.0,0.0,0.0,0.0,0.0,0.0,0.0,100.0,0.0,0.0,0.0,0.5,0,0,0.0175,0.010663935117728443,0.0032251425883900314,42,100.0,0.0,0.0,0,0.0,0.0,0.0,10,0,0,0,0,0,31,0,0,1,147,3.5,2.1327870235456885,0.6450285176780063,7,26,5.4563492063492065,18.452380952380953,54.56349206349206,184.52380952380952,239.0873015873016,236.50717731588065,398.39435286521024,442.210847816919,71.52794550984096,120.48822317604007,133.73984580714574,39,0.0,39,0.0,0,0.0,0.0,293461,1996.3333333333333,1963.3336554612401,593.7799618567382,1,12,1192485,1485946,0.001271005,0.0005893451708391809,0.00017823835092315528
llama-3.2-90b-vision-preview,7,0,5,2,0.0,0.0,0.0,0.7142857142857143,0.17074694419062766,0.3346640106136302,0.2857142857142857,0.17074694419062766,0.3346640106136302,0.0,28.57142857142857,71.42857142857143,0.14285714285714285,0.2439750182371333,0.1807392228230128,0.5,0.0,0.0,0.5214285714285715,0.4145048681430481,0.3070695035329949,5,71.42857142857143,0.17074694419062766,0.3346640106136302,2,28.57142857142857,0.17074694419062766,0.3346640106136302,5,0,0,0,0,0,0,0,2,0,730,104.28571428571429,82.90097362860962,61.41390070659898,1,14,0.09784735812133072,12.793856788088943,0.9784735812133072,127.93856788088944,128.91704146210273,2.588797760337173,195.52862234484962,194.87771102475455,1.917808219178082,144.84963049747094,144.367428643483,24.142857142857142,13.643418088692332,32.42857142857143,9.795528620364546,-8.285714285714286,-5.466510644953327,7.707208746794566,24475,33.52739726027397,13.463651021865765,9.974012255988889,6,200,399909,424384,0.0,0.0,0.0
llama-3.3-70b,42,0,38,4,0.0,0.0,0.0,0.9047619047619048,0.04529474910530199,0.0887777082463919,0.09523809523809523,0.04529474910530199,0.0887777082463919,0.0,9.523809523809524,90.47619047619048,0.047619047619047616,0.1485508785930873,0.04492692048518174,0.25,0.2672612419124244,0.18520259177452134,0.3788095238095238,0.3813467942281151,0.11533245217953728,34,80.95238095238095,0.06059133431241445,0.11875901525233232,8,19.047619047619047,0.06059133431241445,0.11875901525233232,31,4,0,0,0,0,3,0,4,0,2886,68.71428571428571,69.41332047405201,20.992987447031435,2,100,0.33068783068783064,10.734967736957964,3.3068783068783065,107.34967736957964,110.65655567645794,15.279170855902093,127.19250800874245,129.08410713843,4.620949405509358,38.46741094862516,39.03949591031765,30.904761904761905,11.604897039947474,33.45238095238095,8.121643414591327,-2.5476190476190474,-1.2651372376559515,1.745939462594872,297205,102.98163548163548,18.696730966787616,5.654537714170008,4,200,2032359,2329564,0.013960108809523811,0.012996830648232106,0.0039306908355079126
llama-3.3-70b-versatile,2,0,2,0,0.0,0.0,0.0,1.0,0.0,0.0,0.0,0.0,0.0,0.0,0.0,100.0,0.0,0.0,0.0,0.5,0,0,0.15000000000000002,0.07071067811865475,0.09799999999999999,2,100.0,0.0,0.0,0,0.0,0.0,0.0,2,0,0,0,0,0,0,0,0,0,60,30,14.142135623730951,19.6,0,6,0.0,11.25,0.0,112.5,112.5,0.0,53.033008588991066,53.033008588991066,0.0,73.5,73.5,37,2.8284271247461903,39,0.0,-2,-5.0,3.92,7018,116.96666666666667,49.62121836976597,68.77149999999999,20,40,43372,50390,0.00639138,0.0019174473164079373,0.0026574463999999996
llama-4-scout-cerebras,39,0,31,8,0.0,0.0,0.0,0.7948717948717948,0.064658991995499,0.12673162431117804,0.20512820512820512,0.064658991995499,0.12673162431117804,0.0,20.51282051282051,79.48717948717949,0.10256410256410259,0.2045369346226527,0.06419415858311128,0.4444444444444444,0.16666666666666666,0.10888888888888888,0.5364102564102564,0.34649741534303863,0.10874862317754588,30,76.92307692307693,0.0674660014851561,0.13223336291090593,9,23.076923076923077,0.0674660014851561,0.13223336291090593,25,1,0,0,0,0,5,0,8,0,4007,102.74358974358974,68.86207341632752,21.61244309935991,4,869,0.08044243338360986,25.239789458531348,0.8044243338360986,252.39789458531348,253.20231891914958,3.618806779020522,84.84232266909044,84.36295049813312,1.1357667830637046,26.627863207332407,26.47741168511938,24.435897435897434,12.343323087050305,29.102564102564102,9.290048075890763,-4.666666666666667,-4.065277183994955,2.605386026537805,628227,156.7823808335413,15.070318014940034,4.72983711393627,12,200,2823880,3452107,0.06075679358974359,0.03761354157583931,0.011805054462395671
llama3-8b-8192,60,0,60,0,0.0,0.0,0.0,1.0,0.0,0.0,0.0,0.0,0.0,0.0,0.0,100.0,0.0,0.0,0.0,0.5,0,0,0.07516666666666667,0.05270614625551127,0.013336495077104013,60,100.0,0.0,0.0,0,0.0,0.0,0.0,52,0,0,0,0,0,8,0,0,0,902,15.033333333333333,10.541229251102253,2.6672990154208023,104,66,20.69415314217946,8.971030395043552,206.94153142179456,89.71030395043553,296.6518353722301,220.41579350652276,93.51949786781852,208.911912501551,55.77289090280122,23.663697908799087,52.862007385599405,38.2,2.0976176963403033,38.68333333333333,1.0655096125625882,-0.48333333333333334,-1.4169665566917888,0.5521978615883527,51432,57.019955654102,29.180327541443162,7.383641610185949,4,50,749595,801027,0.00042622949999999993,0.00030980539333109406,7.839158042385561e-05
llama3.1-8b,90,0,87,3,0.0,0.0,0.0,0.9666666666666667,0.018921540406584888,0.03708621919690638,0.03333333333333333,0.01892154040658489,0.037086219196906384,0.0,3.3333333333333335,96.66666666666667,0.016666666666666663,0.09025556722845599,0.018646993378221614,0.5,0,0,0.13533333333333333,0.11120585224273814,0.02297536710551017,90,100.0,0.0,0.0,0,0.0,0.0,0.0,63,0,0,0,0,0,11,0,0,16,2436,27.066666666666666,22.241170448547628,4.595073421102033,44,188,3.5039880174684095,12.664663826670216,35.03988017468409,126.64663826670215,161.68651844138626,55.90853257004452,113.69841732761489,127.44699032643564,11.550822499191137,23.49033638729237,26.330820997178886,37.2,3.7362481932812965,37.833333333333336,2.545098836958526,-0.6333333333333333,-1.574540892349407,0.8031280792068516,394879,162.1013957307061,416.2431155284701,85.99671862172504,4,100,1995033,2389912,0.0009282636666666666,0.0006253555886619021,0.00012919980316888262
mercury-coder-small,60,0,60,0,0.0,0.0,0.0,1.0,0.0,0.0,0.0,0.0,0.0,0.0,0.0,100.0,0.0,0.0,0.0,0.5,0,0,0.05416666666666667,0.03547697590281674,0.00897691347390019,60,100.0,0.0,0.0,0,0.0,0.0,0.0,60,0,0,0,0,0,0,0,0,0,650,10.833333333333334,7.095395180563348,1.795382694780038,0,223,0.0,40.37012987012987,0.0,403.7012987012987,403.7012987012987,0.0,138.52856099521023,138.52856099521023,0.0,35.05256223429047,35.05256223429047,38.85,0.4044246802977018,38.63333333333333,1.6668926400480408,0.21666666666666667,1.3650793650793651,0.36710144741342554,544595,837.8384615384615,135.2387153605737,34.22011643379383,4,42,5675739,6220334,0.03272549583333333,0.020547551901919085,0.005199247986335724
meta-llama-3.1-8b-instruct-fp16,30,0,30,0,0.0,0.0,0.0,1.0,0.0,0.0,0.0,0.0,0.0,0.0,0.0,100.0,0.0,0.0,0.0,0.5,0,0,0.13833333333333334,0.11356551605474968,0.040638897999962315,30,100.0,0.0,0.0,0,0.0,0.0,0.0,26,0,0,0,0,0,4,0,0,0,830,27.666666666666668,22.71310321094994,8.127779599992463,19,61,7.235501567398119,13.547422086215189,72.35501567398119,135.4742208621519,207.8292365361331,158.43621908894582,149.21698718332271,226.540912287387,56.695672865619535,53.39661309759987,81.06662433363272,36.733333333333334,4.093167842699069,37,3.39370614215644,-0.26666666666666666,0.4630161770966371,1.7579402088176315,59644,71.86024096385542,23.12816882556527,8.276308922639245,4,84,577065,636709,0.0,0.0,0.0
ministral-8b-instruct-2410,30,0,30,0,0.0,0.0,0.0,1.0,0.0,0.0,0.0,0.0,0.0,0.0,0.0,100.0,0.0,0.0,0.0,0.5,0,0,0.047,0.034556300887602,0.012365813460049266,30,100.0,0.0,0.0,0,0.0,0.0,0.0,30,0,0,0,0,0,0,0,0,0,282,9.4,6.9112601775204,2.4731626920098533,56,34,45.3517871017871,15.281204906204906,453.517871017871,152.81204906204906,606.32992007992,568.2947328921022,291.7041066765375,524.1166344903537,203.36165841736658,104.3849739711735,187.55272893638383,38.766666666666666,0.7738543627276671,38.6,1.7140393911700975,0.16666666666666666,1.3888888888888886,0.5645010681466399,20336,72.11347517730496,36.031402808950965,12.893671903384732,2,26,179727,200063,0.0,0.0,0.0
mistral-nemo-12b-instruct-2407,30,0,30,0,0.0,0.0,0.0,1.0,0.0,0.0,0.0,0.0,0.0,0.0,0.0,100.0,0.0,0.0,0.0,0.5,0,0,0.033666666666666664,0.025661366821088015,0.0091828021833587,30,100.0,0.0,0.0,0,0.0,0.0,0.0,30,0,0,0,0,0,0,0,0,0,202,6.733333333333333,5.132273364217603,1.83656043667174,79,11,73.39484126984127,4.25,733.9484126984127,42.5,776.4484126984127,584.6651397129505,105.91577475048827,542.8473230352056,209.21973326369243,37.90147323063264,194.25541975034824,38.766666666666666,0.6789105539243627,38.666666666666664,1.6470105276411926,0.1,1.375,0.5091145344570338,9635,47.698019801980195,52.49580449857425,18.785382381523522,2,20,127958,137593,0.0,0.0,0.0
mistral-small-24b-instruct-2501@q4_k_m,42,0,42,0,0.0,0.0,0.0,1.0,0.0,0.0,0.0,0.0,0.0,0.0,0.0,100.0,0.0,0.0,0.0,0.5,0,0,0.10166666666666667,0.08366357329169583,0.025302756472267027,42,100.0,0.0,0.0,0,0.0,0.0,0.0,42,0,0,0,0,0,0,0,0,0,854,20.333333333333332,16.732714658339166,5.060551294453405,3,123,0.48840048840048833,22.171666727807047,4.8840048840048835,221.71666727807045,226.60067216207534,26.251699393499372,134.20117481009137,131.53851724033711,7.939421310884947,40.58707405040899,39.781794364091574,37.404761904761905,4.006455302167922,37.73809523809524,3.5548628583853965,-0.3333333333333333,-0.42997843174401346,0.9199198739704155,94750,110.94847775175644,16.393179606883045,4.957864158549713,6,82,540795,635545,0.0,0.0,0.0
mistral-small-instruct-2409,30,0,30,0,0.0,0.0,0.0,1.0,0.0,0.0,0.0,0.0,0.0,0.0,0.0,100.0,0.0,0.0,0.0,0.5,0,0,0.04533333333333334,0.026617771265198684,0.009525047118275268,30,100.0,0.0,0.0,0,0.0,0.0,0.0,30,0,0,0,0,0,0,0,0,0,272,9.066666666666666,5.323554253039737,1.9050094236550537,58,32,36.54960317460318,12.791847041847042,365.49603174603175,127.91847041847042,493.41450216450215,440.1274660087258,172.88522283007572,381.0987697855119,157.49759098957068,61.866182450181874,136.37444332800882,38.86666666666667,0.3457459036417604,38.833333333333336,0.5920934999167599,0.03333333333333333,0.4318181818181818,0.17539166898086328,24002,88.24264705882354,59.32430703242298,21.22893063108001,2,22,216674,240676,0.00026467799999999996,0.00017096854531029163,6.118030820832333e-05
mixtral-8x7b-32768,20,0,20,0,0.0,0.0,0.0,1.0,0.0,0.0,0.0,0.0,0.0,0.0,0.0,100.0,0.0,0.0,0.0,0.5,0,0,0.01,0.0,0.0,20,100.0,0.0,0.0,0,0.0,0.0,0.0,20,0,0,0,0,0,0,0,0,0,40,2,0.0,0.0,60,0,150.0,0.0,1500.0,0.0,1500.0,0.0,0.0,0.0,0.0,0.0,0.0,39,0.0,39,0.0,0,0.0,0.0,660,16.5,0.0,0.0,2,2,10320,10980,0.0,0.0,0.0
non-gemini-25pro-t03_mini41-t00_mini41-t03,45,26,0,19,0.5777777777777777,0.07362828823578772,0.14431144494214393,0.0,0.0,0.0,0.4222222222222222,0.07362828823578771,0.1443114449421439,57.77777777777777,42.22222222222222,0.0,0.7888888888888889,0.0,0.0,0.7888888888888889,0.24974734708047927,0.07297106724889887,1.0,0.0,0.0,0,0.0,0.0,0.0,45,100.0,0.0,0.0,0,26,8,8,0,0,0,0,3,0,5166,114.8,51.75185547837435,15.120833796688286,0,103,0.0,1.9089111359124715,0.0,19.089111359124715,19.089111359124715,0.0,15.18455556695387,15.18455556695387,0.0,4.436616598228676,4.436616598228676,21.8,13.796574014785502,4.777777777777778,7.725073959307294,17.022222222222222,20.90256095411318,3.2425162500555484,2120697,410.51045296167246,37.71228654722752,11.018758877389406,24,200,9248073,11368770,0.0,0.0,0.0
non-haiku35-t07_haiku35-t10_haiku35-t03,42,0,28,14,0.0,0.0,0.0,0.6666666666666666,0.07273929674533079,0.14256902162084836,0.3333333333333333,0.07273929674533079,0.14256902162084836,0.0,33.33333333333333,66.66666666666666,0.16666666666666669,0.23855936180684895,0.0721485970355664,0.5,0.0,0.0,0.5904761904761905,0.37969790547128374,0.11483377122410522,28,66.66666666666666,0.07273929674533079,0.14256902162084836,14,33.33333333333333,0.07273929674533079,0.14256902162084836,1,0,0,0,0,0,27,0,14,0,4960,118.0952380952381,75.93958109425674,22.966754244821043,635,91,12.012575008862427,1.7919949073224366,120.12575008862427,17.919949073224366,138.04569916184863,37.26329512419425,18.439362175556795,41.24754297827966,11.269708485846946,5.576700495511293,12.47468275613767,25.595238095238095,11.007889684575407,27.571428571428573,9.882585958466581,-1.9761904761904763,-2.3873056697713637,2.7738603704969633,1528902,308.24637096774194,307.6656789594481,93.0487360663365,2,200,13816296,15345198,0.0,0.0,0.0
non-r1-t03_mini41-t10_mini41-t03,35,10,1,24,0.2857142857142857,0.07636035483212125,0.14966629547095764,0.02857142857142857,0.028160307445976068,0.05519420259411309,0.6857142857142857,0.07846932140863945,0.1537998699609333,28.57142857142857,68.57142857142857,2.857142857142857,0.6285714285714286,0.08451542547285165,0.027999999999999997,0.6285714285714286,0.252716335480094,0.08372504017879703,1.0,0.0,0.0,0,0.0,0.0,0.0,35,100.0,0.0,0.0,0,11,3,7,0,0,0,0,14,0,5490,156.85714285714286,52.94233425438022,17.539820107736702,1,262,0.014285714285714285,4.7882881019770736,0.14285714285714285,47.882881019770736,48.025738162627874,0.8451542547285166,20.059813465450627,20.019787900109744,0.27999999999999997,6.645825586159306,6.632565097635768,11.2,11.460417813962467,1.6285714285714286,3.9339077584636932,9.571428571428571,10.234266834234916,3.1412309314512172,27191483,4952.911293260474,410.93740899728186,136.1437558593368,40,200,32715315,59906798,0.0,0.0,0.0
non_gpt-4.1-mini-2025-04-14_t00_t07_t03,30,0,1,29,0.0,0.0,0.0,0.03333333333333333,0.032773069341672505,0.06423521590967811,0.9666666666666667,0.0327730693416725,0.0642352159096781,0.0,96.66666666666667,3.3333333333333335,0.48333333333333334,0.09128709291752768,0.03266666666666666,0.48333333333333334,0.09128709291752768,0.03266666666666666,1.0,0.0,0.0,0,0.0,0.0,0.0,30,100.0,0.0,0.0,0,1,0,0,0,0,0,0,29,0,5949,198.3,9.311283477587823,3.3319999999999994,1,25,0.016666666666666666,0.4166666666666667,0.16666666666666666,4.166666666666667,4.333333333333333,0.9128709291752769,5.736052549495577,5.832922809856747,0.3266666666666667,2.0526200432972472,2.087284620774705,14.566666666666666,7.50486432294063,22.166666666666668,7.1297498787358125,-7.6,-3.8171140939597317,2.791858508419523,179675,30.202555051269123,3.4620873421661655,1.2388920444602434,149,200,5782939,5962614,0.08668852,0.010962321776804717,0.003922816467593557
o1-2024-12-17-low,47,27,0,20,0.574468085106383,0.07211906589779132,0.141353369159671,0.0,0.0,0.0,0.425531914893617,0.07211906589779134,0.141353369159671,57.446808510638306,42.5531914893617,0.0,0.7872340425531915,0.24988433957280573,0.07144077905179884,0.7872340425531915,0.24988433957280573,0.07144077905179884,1.0,0.0,0.0,0,0.0,0.0,0.0,47,100.0,0.0,0.0,0,27,3,9,0,0,0,0,8,0,6043,128.5744680851064,55.46669375903653,15.857671674613242,0,0,0.0,0.0,0.0,0.0,0.0,0.0,0.0,0.0,0.0,0.0,0.0,19.23404255319149,14.076209911634976,3.74468085106383,6.58875222437379,15.48936170212766,18.404240253813864,3.4856571431631505,9904164,1638.9482045341717,115.0690648953543,32.8977144183578,28,200,2634203,12538367,13.48431670212766,5.778363789793624,1.652007530737178
o1-2024-12-17-medium,41,33,1,7,0.8048780487804879,0.06189081167704914,0.12130599088701632,0.024390243902439025,0.02409096577194121,0.04721829291300477,0.17073170731707318,0.05876418177221406,0.11517779627353956,80.48780487804879,17.073170731707318,2.4390243902439024,0.8902439024390244,0.23749197675793227,0.07269643024014946,0.9125,0.19240382212739635,0.05962656222755864,0.9857317073170732,0.09136165070483455,0.027965853658536585,1,2.4390243902439024,0.02409096577194121,0.04721829291300477,40,97.5609756097561,0.02409096577194122,0.04721829291300479,0,33,4,1,0,0,0,0,2,1,3912,95.41463414634147,47.94266138302926,14.675276134952991,6,16,0.12631073971767853,0.40558218184703476,1.2631073971767854,4.055821818470347,5.318929215647133,3.3535014153741316,6.489271889643966,6.672721922946648,1.0265087058139764,1.986369845730416,2.042524006096577,24.585365853658537,12.613436505877567,3.682926829268293,6.4515076702668654,20.902439024390244,32.00111151145678,2.9927533655017733,12945101,3309.0748977505114,187.1969686869903,57.301099435422095,26,200,1698660,14643761,19.565511219512196,9.521908056698102,2.9146615150810593
o1-mini-2024-09-12,30,9,6,15,0.3,0.08366600265340755,0.1639853652006788,0.2,0.07302967433402216,0.14313816169468344,0.5,0.09128709291752768,0.17892270211835426,30.0,50.0,20.0,0.55,0.35598333940092547,0.1273870019894576,0.6875,0.24726767752342013,0.09892767450318792,0.8955,0.23846618353480473,0.08533402784379732,6,20.0,0.07302967433402216,0.14313816169468344,24,80.0,0.07302967433402215,0.1431381616946834,2,9,3,5,0,0,3,0,7,1,4282,142.73333333333332,61.45081202759305,21.989890670688023,2,8,0.09450830140485313,0.33492881937409674,0.9450830140485312,3.3492881937409673,4.294371207789498,3.685603368669784,9.785672591338331,11.99150283448424,1.3188762273178136,3.501757964175544,4.291104179211649,17.666666666666668,12.208909503488336,7.033333333333333,11.33040868281194,10.633333333333333,9.487098362233894,3.1596830822214796,5228905,1221.1361513311538,222.13578616146168,79.49027019438729,28,200,1020768,6249673,2.41300268,1.145128194985023,0.4097788618372679
o1-preview-2024-09-12,30,14,3,13,0.4666666666666667,0.09108400680852977,0.17852465334471834,0.1,0.05477225575051661,0.10735362127101256,0.43333333333333335,0.09047201327032126,0.17732514600982965,46.666666666666664,43.333333333333336,10.0,0.6833333333333333,0.33433756772968587,0.11964116207574735,0.7592592592592593,0.2545875386086578,0.09603097351271477,0.93,0.2191519705749792,0.07842252549967468,3,10.0,0.05477225575051661,0.10735362127101256,27,90.0,0.054772255750516606,0.10735362127101254,3,14,1,6,0,0,0,0,6,0,3744,124.8,61.5228581014042,22.015672027094645,4,10,0.29231524976205825,0.6364050790877428,2.9231524976205825,6.364050790877427,9.28720328849801,9.699129952601227,19.139349762483572,28.5307026504022,3.470789078632954,6.848928352583686,10.209580823090507,17.8,14.64146214669503,4.033333333333333,8.066462427356495,13.766666666666667,18.25056005008968,4.33577735498845,9959309,2660.071848290598,267.4516401043446,95.70634026690988,20,200,1184284,11143593,22.561836000000003,10.514892103119827,3.7627058151462887
o3-2025-04-16-low,42,38,1,3,0.9047619047619048,0.04529474910530199,0.0887777082463919,0.023809523809523808,0.023524369525222705,0.0461077642694365,0.07142857142857142,0.03973918859029906,0.07788880963698616,90.47619047619048,7.142857142857142,2.380952380952381,0.9404761904761905,0.19761939745011925,0.059766936686325225,0.9634146341463414,0.1318258274409374,0.040351961355637685,0.9808333333333333,0.12421419671948399,0.037566666666666665,1,2.380952380952381,0.023524369525222705,0.0461077642694365,41,97.61904761904762,0.02352436952522272,0.04610776426943653,0,38,0,0,0,1,0,0,2,1,2385,56.785714285714285,40.85759666910075,12.356749513386818,1,4,0.02976190476190476,0.1358022478712134,0.2976190476190476,1.358022478712134,1.6556415263311814,1.928791874526149,4.34111415076759,4.662343582171215,0.5833333333333334,1.3129029738213105,1.410053857470425,32.642857142857146,9.041426146332329,12.976190476190476,12.10419821391976,19.666666666666668,43.034853478871106,3.4648500556097774,4992693,2093.372327044025,625.4783952536901,189.16628696445326,8,200,867177,5859870,4.961416428571429,3.705377712661938,1.1206343001196768
o3-2025-04-16-medium,53,48,5,0,0.9056603773584906,0.04015057936595709,0.07869513555727589,0.09433962264150944,0.0401505793659571,0.0786951355572759,0.0,0.0,0.0,90.56603773584906,0.0,9.433962264150944,0.9056603773584906,0.2950978288503027,0.07944821621418613,1.0,0.0,0.0,0.9165094339622641,0.26155155563567706,0.07041666360019609,5,9.433962264150944,0.0401505793659571,0.0786951355572759,48,90.56603773584906,0.04015057936595709,0.07869513555727589,0,48,0,0,0,0,0,0,0,5,1905,35.943396226415096,27.109759166949186,7.298671143063153,0,1,0.0,0.07256894049346879,0.0,0.725689404934688,0.725689404934688,0.0,5.283098613411117,5.283098613411117,0.0,1.4223512336719888,1.4223512336719888,35.24528301886792,7.452169690193378,19.358490566037737,11.055966609835338,15.88679245283019,54.205225002293766,2.33196642785727,9601788,5040.308661417323,1269.739701392414,341.8478364445519,8,168,614688,10216476,0.0,0.0,0.0
o3-mini-2025-01-31-high,14,6,8,0,0.42857142857142855,0.13226001425322162,0.2592296279363144,0.5714285714285714,0.13226001425322165,0.25922962793631443,0.0,0.0,0.0,42.857142857142854,0.0,57.14285714285714,0.4285714285714286,0.5135525910130955,0.26901529839254634,1.0,0.0,0.0,0.575,0.40245878909905414,0.21082080615464005,8,57.14285714285714,0.13226001425322165,0.25922962793631443,6,42.857142857142854,0.13226001425322162,0.2592296279363144,0,6,0,0,0,0,0,0,0,8,786,56.142857142857146,30.633960900274722,16.047050052411983,1,0,0.18796992481203006,0.0,1.8796992481203005,0.0,1.8796992481203005,7.033190576642746,0.0,7.033190576642746,3.684210526315789,0.0,3.684210526315789,31.928571428571427,6.719252313193161,10.428571428571429,11.679793766055221,21.5,40.67593685357174,5.744726009400007,5417764,6892.82951653944,884.4214772781587,463.2883014871082,15,129,178978,5596742,1.7167883857142858,1.056879201559526,0.5536271820020124
o3-mini-2025-01-31-low,65,3,25,37,0.046153846153846156,0.026024742262539098,0.05100849483457663,0.38461538461538464,0.06034342619636432,0.11827311534487406,0.5692307692307692,0.06142000433230403,0.1203832084913159,4.615384615384616,56.92307692307692,38.46153846153847,0.33076923076923076,0.2833521864014138,0.06888520594171971,0.525,0.15811388300841897,0.048999999999999995,0.8034615384615384,0.3009372378982803,0.07316027404421646,25,38.46153846153847,0.06034342619636432,0.11827311534487406,40,61.53846153846154,0.06034342619636431,0.11827311534487404,11,4,2,0,0,0,5,0,34,9,9938,152.8923076923077,61.294657974034294,14.90122660174948,4,33,0.058068368413196,0.8633730933955821,0.5806836841319599,8.633730933955821,9.214414618087782,2.4114130744404703,24.079816685077095,24.348896290581006,0.586234002119415,5.853997996121048,5.91941342232706,17.107692307692307,10.785005616773974,10.6,11.951464345426464,6.507692307692308,4.406534228211094,2.177871845437176,6747449,678.9544173878044,63.43274122341064,15.421011914946893,8,200,3906128,10653577,0.5228540984615385,0.21499151425807667,0.05226617420346783
o3-mini-2025-01-31-medium,44,16,1,27,0.36363636363636365,0.07252036683795142,0.1421399190023848,0.022727272727272728,0.022467523936912755,0.044036346916349,0.6136363636363636,0.07340528480781205,0.14387435822331163,36.36363636363637,61.36363636363637,2.272727272727273,0.6704545454545454,0.262881656506679,0.07767656568379543,0.686046511627907,0.2445417437817667,0.07309284197418862,0.9795454545454545,0.13568010505999362,0.04009090909090909,1,2.272727272727273,0.022467523936912755,0.044036346916349,43,97.72727272727273,0.022467523936912745,0.04403634691634898,1,16,9,2,0,0,0,0,16,0,5974,135.77272727272728,60.915444116610445,17.999363511927818,3,4,0.1591072950121256,0.28297682709447414,1.5910729501212557,2.8297682709447414,4.420841221065998,7.788866133826185,15.219361873784282,22.707694798794268,2.3014628707312177,4.497034056936645,6.70969503922503,18.5,12.526251504108723,1.4545454545454546,5.687417959355323,17.045454545454547,20.05814711169333,3.504274614345527,15020112,2514.2470706394374,267.1649000019096,78.94218325908832,20,200,1866918,16887030,1.5486841500000001,0.6786038015352187,0.20051460974373633
o4-mini-2025-04-16-high,39,35,1,3,0.8974358974358975,0.04858107350929958,0.09521890407822717,0.02564102564102564,0.025310159835529464,0.04960791327763775,0.07692307692307693,0.042669245863479165,0.08363172189241916,89.74358974358975,7.6923076923076925,2.564102564102564,0.9358974358974359,0.2045369346226527,0.06419415858311128,0.9605263157894737,0.13663815636654694,0.04344464637667844,0.976025641025641,0.14971982380775647,0.04698974358974359,1,2.564102564102564,0.025310159835529464,0.04960791327763775,38,97.43589743589743,0.025310159835529474,0.04960791327763777,0,35,2,1,0,0,0,0,0,1,2438,62.51282051282051,36.73365859010378,11.528902147777808,82,10,3.3069103216178273,0.4174390963580683,33.06910321617827,4.1743909635806835,37.243494179758954,25.947644607009078,9.634722982069675,29.593647742666633,8.143698915961343,3.0238691909428312,9.288001307686933,30.71794871794872,8.991073696051393,9.102564102564102,11.77373274395363,21.615384615384617,41.21581369217148,3.037456332811406,14941339,6128.522969647252,1337.4473198068533,419.7594214591774,6,177,1044200,15985539,1.7151413230769232,1.0258023150231808,0.3219492685123468
o4-mini-2025-04-16-low,41,15,0,26,0.36585365853658536,0.07522401651262858,0.147439072364752,0.0,0.0,0.0,0.6341463414634146,0.07522401651262858,0.147439072364752,36.58536585365854,63.41463414634146,0.0,0.6829268292682926,0.24382620759917323,0.07463534193207841,0.6829268292682926,0.24382620759917323,0.07463534193207841,1.0,0.0,0.0,0,0.0,0.0,0.0,41,100.0,0.0,0.0,0,15,10,4,0,0,0,0,12,0,6284,153.26829268292684,43.76244073988784,13.395708199559936,539,40,8.37587737491298,0.6198368997529107,83.75877374912979,6.198368997529108,89.9571427466589,26.41297897931039,6.612684414296464,27.20940731857769,8.085028008171815,2.0241464902791515,8.328815179415228,16.195121951219512,10.505283223681126,2.1707317073170733,4.582043425287402,14.024390243902438,11.549757580759838,2.8978589975669786,4292934,683.1530872056015,50.10799119477562,15.338084831715745,70,200,2964066,7257000,0.5402288341463415,0.17163469197312445,0.05253747761142857
o4-mini-2025-04-16-medium,126,84,0,42,0.6666666666666666,0.0419960525565808,0.08231226301089836,0.0,0.0,0.0,0.3333333333333333,0.0419960525565808,0.08231226301089836,66.66666666666666,33.33333333333333,0.0,0.8333333333333333,0.23664319132398465,0.041320428092866825,0.8333333333333333,0.23664319132398465,0.041320428092866825,1.0,0.0,0.0,0,0.0,0.0,0.0,126,100.0,0.0,0.0,0,84,17,14,0,0,0,0,11,0,12844,101.93650793650794,54.433040853032786,9.5045901716415,349,63,2.57411358651311,0.42290002842392277,25.741135865131103,4.229000284239228,29.970136149370333,18.794678399584765,6.884796771650787,20.417793255942975,3.2817515390728587,1.2021590325306126,3.565164724693702,23.96031746031746,12.690406325189619,4.246031746031746,7.120321911752595,19.714285714285715,28.984713126963182,1.8933926751263779,27888013,2171.2872158206164,297.62464227117636,51.968440591195275,14,200,5423393,33311406,1.0212142023809525,0.5725322777386083,0.09997024922113475
phi-4,30,0,30,0,0.0,0.0,0.0,1.0,0.0,0.0,0.0,0.0,0.0,0.0,0.0,100.0,0.0,0.0,0.0,0.5,0,0,0.03866666666666667,0.02315365962484092,0.008285430688010355,30,100.0,0.0,0.0,0,0.0,0.0,0.0,30,0,0,0,0,0,0,0,0,0,232,7.733333333333333,4.630731924968184,1.6570861376020711,44,46,26.484848484848484,23.267316017316016,264.8484848484849,232.67316017316017,497.52164502164504,286.0386107230218,248.57898531091402,216.60028263728017,102.35760228148624,88.95284748333485,77.50941569812285,39,0.0,39,0.0,0,0.0,0.0,77382,333.5431034482759,114.5284824542073,40.98349110044259,4,22,236743,314125,0.0006525116666666667,0.0003144250948798933,0.00011251557517946084
qwen-max-2025-01-25,60,0,2,58,0.0,0.0,0.0,0.03333333333333333,0.023174059571793568,0.04542115676071539,0.9666666666666667,0.023174059571793564,0.045421156760715384,0.0,96.66666666666667,3.3333333333333335,0.48333333333333334,0.09051016735969626,0.02290223222864125,0.48333333333333334,0.09051016735969626,0.02290223222864125,1.0,0.0,0.0,0,0.0,0.0,0.0,60,100.0,0.0,0.0,0,2,0,0,0,0,0,0,58,0,11790,196.5,19.69384314010647,4.9832298649576305,0,0,0.0,0.0,0.0,0.0,0.0,0.0,0.0,0.0,0.0,0.0,0.0,18.533333333333335,5.884385159093936,21.383333333333333,7.6448535179383565,-2.85,-1.6695668001456134,2.312460733519122,71475,6.06234096692112,0.14781595757649807,0.03740259781050197,67,200,4723088,4794563,0.13357301333333335,0.013892400319739099,0.0035152622917101464
qwen-plus-2025-01-25,33,0,30,3,0.0,0.0,0.0,0.9090909090909091,0.05004380750574367,0.09808586271125759,0.09090909090909091,0.050043807505743665,0.09808586271125758,0.0,9.090909090909092,90.9090909090909,0.04545454545454547,0.14596855203028555,0.049803332226131675,0.5,0.0,0.0,0.43787878787878787,0.3115561503942505,0.1063005301440555,30,90.9090909090909,0.05004380750574367,0.09808586271125759,3,9.090909090909092,0.050043807505743665,0.09808586271125758,30,0,0,0,0,0,0,0,3,0,2890,87.57575757575758,62.3112300788501,21.2601060288111,2,89,0.11784511784511785,6.485346359080524,1.1784511784511784,64.85346359080525,66.03191476925642,4.911951552171414,68.52221059603954,68.29369166410767,1.6759195842451047,23.37924417086404,23.301275292440128,28.515151515151516,12.211984922917967,25.90909090909091,10.765580675129756,2.606060606060606,5.009424512759104,2.7678388270035046,1272796,440.41384083044983,22.02525033090705,7.514843740905844,12,200,2191125,3463921,0.07284258181818182,0.05125211073108023,0.017486820705742694
qwen-turbo-2024-11-01,33,0,33,0,0.0,0.0,0.0,1.0,0.0,0.0,0.0,0.0,0.0,0.0,0.0,100.0,0.0,0.0,0.0,0.5,0,0,0.10212121212121213,0.06989982008907354,0.023849273792348604,33,100.0,0.0,0.0,0,0.0,0.0,0.0,33,0,0,0,0,0,0,0,0,0,674,20.424242424242426,13.979964017814707,4.76985475846972,4,95,1.026714513556619,22.03954220340021,10.267145135566189,220.3954220340021,230.6625671695683,44.588430355753275,176.880035807802,176.45270181796542,15.213224900583887,60.350089556812854,60.2042865302614,38,1.9364916731037085,38.333333333333336,2.508319490548735,-0.3333333333333333,-2.1689522561731494,1.0470024553047341,129656,192.3679525222552,76.49417958158617,26.099217852600777,4,64,522007,651663,0.0015767136363636365,0.0009530370006321181,0.00032516879633381256
qwen2.5-14b-instruct-1m,42,0,42,0,0.0,0.0,0.0,1.0,0.0,0.0,0.0,0.0,0.0,0.0,0.0,100.0,0.0,0.0,0.0,0.5,0,0,0.037142857142857144,0.02778714514915251,0.008403793181498363,42,100.0,0.0,0.0,0,0.0,0.0,0.0,29,0,0,0,0,0,13,0,0,0,312,7.428571428571429,5.557429029830502,1.6807586362996725,48,49,24.101473922902493,17.48015873015873,241.01473922902494,174.8015873015873,415.81632653061223,364.3233075556729,232.8485382829496,335.9464199491448,110.18396137721528,70.42144660203763,101.60180969161259,38.857142857142854,0.5213223604300131,38.95238095238095,0.21554026870452117,-0.09523809523809523,-0.8928571428571428,0.1743062128168651,73403,235.26602564102564,280.8443845491385,84.93704953378911,2,28,377843,451246,0.008487722380952382,0.0052901080254984375,0.0015999115243916827
qwen2.5-14b-instruct@q8_0,30,0,30,0,0.0,0.0,0.0,1.0,0.0,0.0,0.0,0.0,0.0,0.0,0.0,100.0,0.0,0.0,0.0,0.5,0,0,0.06633333333333333,0.050136595027180896,0.0179411501145537,30,100.0,0.0,0.0,0,0.0,0.0,0.0,29,0,0,0,0,0,1,0,0,0,398,13.266666666666667,10.02731900543618,3.58823002291074,29,59,15.693121693121693,21.267376142376143,156.93121693121694,212.67376142376142,369.60497835497836,267.14261837701696,200.52584225329545,306.5636327470665,95.59575826197639,71.75725108103696,109.70238708464787,38.56666666666667,1.0400044208570938,38.4,1.904622326577254,0.16666666666666666,0.31926406926406947,0.6379452167834305,59951,150.63065326633165,51.16991802959317,18.310920002059007,2,42,303196,363147,0.009562871,0.006382180414501826,0.0022838339303390097
qwen2.5-72b-instruct,30,0,28,2,0.0,0.0,0.0,0.9333333333333333,0.045542003404264876,0.08926232667235916,0.06666666666666667,0.04554200340426488,0.08926232667235917,0.0,6.666666666666667,93.33333333333333,0.033333333333333326,0.1268540658512312,0.045394144473603876,0.33333333333333337,0.28867513459481287,0.32666666666666666,0.336,0.28173844559118644,0.10081880795160002,27,90.0,0.054772255750516606,0.10735362127101254,3,10.0,0.05477225575051661,0.10735362127101256,27,1,0,0,0,0,0,0,2,0,1923,64.1,51.10391711823651,18.287301879254592,10,71,0.8232851372597288,8.114434750949682,8.232851372597288,81.14434750949682,89.37719888209412,18.829639686586482,94.88882790878203,97.75926734694774,6.73810002527811,33.95553098056558,34.98270454165298,30.666666666666668,9.668053804557362,32.733333333333334,6.324191829700501,-2.066666666666667,-2.386190778620155,2.1095896497711246,422032,219.46541861674467,28.85391613832685,10.325241284331659,6,200,1241971,1664003,0.011008967666666668,0.008005697820292264,0.0028648021726994212
qwen2.5-7b-instruct-1m,42,0,42,0,0.0,0.0,0.0,1.0,0.0,0.0,0.0,0.0,0.0,0.0,0.0,100.0,0.0,0.0,0.0,0.5,0,0,0.04833333333333333,0.03491569405091227,0.010559712774282203,42,100.0,0.0,0.0,0,0.0,0.0,0.0,42,0,0,0,0,0,0,0,0,0,406,9.666666666666666,6.983138810182454,2.1119425548564403,33,93,18.03773276987563,40.305560841275124,180.37732769875626,403.05560841275127,583.4329361115075,350.6712289711333,421.32114115755206,488.7117807568585,106.0551009165165,127.42207644130491,147.80333527597642,38.73809523809524,0.7981540840764962,38.714285714285715,0.7741467147049723,0.023809523809523808,0.3969410219410219,0.1946075196925011,57161,140.79064039408868,53.31954149456774,16.12567238726695,2,26,252042,309203,0.00010083928571428571,6.379564639908707e-05,1.9294008626657353e-05
qwen2.5-vl-72b-instruct,10,0,10,0,0.0,0.0,0.0,1.0,0.0,0.0,0.0,0.0,0.0,0.0,0.0,100.0,0.0,0.0,0.0,0.5,0,0,0.122,0.07983315935958775,0.04948110481116335,10,100.0,0.0,0.0,0,0.0,0.0,0.0,9,0,0,0,0,0,1,0,0,0,244,24.4,15.966631871917551,9.896220962232672,1,26,0.7142857142857142,14.419191919191919,7.142857142857143,144.1919191919192,151.33477633477634,22.58769757263128,110.07521555625745,112.27453066230277,13.999999999999998,68.22532543798727,69.58847506338078,35.9,5.2588549662027715,38.3,1.5670212364724212,-2.4,-5.565175565175565,2.3772716387582724,88102,361.07377049180326,75.76307184420845,46.95843843349978,8,54,208793,296895,0.0,0.0,0.0
qwq-32b,33,0,33,0,0.0,0.0,0.0,1.0,0.0,0.0,0.0,0.0,0.0,0.0,0.0,100.0,0.0,0.0,0.0,0.5,0,0,0.12303030303030303,0.08095078939102635,0.027619778383308348,33,100.0,0.0,0.0,0,0.0,0.0,0.0,31,0,0,0,0,0,2,0,0,0,812,24.606060606060606,16.19015787820527,5.52395567666167,3,92,0.7575757575757576,15.52034296294352,7.575757575757576,155.20342962943522,162.77918720519278,25.375960946127616,89.12461307005962,94.7342728945935,8.658080086285446,30.408623313141277,32.32259552175015,37.03030303030303,3.6527801782071463,33.63636363636363,7.390103948094124,3.393939393939394,10.34059654017222,1.6339406584385001,6624330,8158.041871921182,1012.1585010555061,345.3405914659754,8,92,701811,7326141,0.04333750454545455,0.029134884702294504,0.009940595573609295
qwq-32b-preview@q4_k_m,30,0,30,0,0.0,0.0,0.0,1.0,0.0,0.0,0.0,0.0,0.0,0.0,0.0,100.0,0.0,0.0,0.0,0.5,0,0,0.03983333333333333,0.02422891309747628,0.00867020520158248,30,100.0,0.0,0.0,0,0.0,0.0,0.0,18,0,0,0,0,0,11,0,0,1,239,7.966666666666667,4.845782619495256,1.734041040316496,44,17,30.863816738816737,9.735569985569985,308.6381673881674,97.35569985569985,405.9938672438672,410.36800044577285,197.68126957699124,439.58586598746547,146.84830300532738,70.73933382180418,157.30378191102815,38.86666666666667,0.5713464637233658,38.96666666666667,0.18257418583505536,-0.1,-1.3068181818181819,0.21736435854991518,695012,2908.0,1137.558887121393,407.07021980501514,2,22,1406225,2101237,0.011664538333333333,0.006378983358934721,0.002282689878697232
qwq-32b-thinking-not-cleaned,31,2,29,0,0.06451612903225806,0.044123652543421835,0.0864823589851068,0.9354838709677419,0.04412365254342185,0.08648235898510682,0.0,0.0,0.0,6.451612903225806,0.0,93.54838709677419,0.06451612903225806,0.24973103811470745,0.08791191631106206,1.0,0.0,0.0,0.16483870967741937,0.23183141817193997,0.08161077768493098,29,93.54838709677419,0.04412365254342185,0.08648235898510682,2,6.451612903225806,0.044123652543421835,0.0864823589851068,26,2,0,0,0,0,3,0,0,0,716,23.096774193548388,14.740770759381789,5.189140345318588,5,79,1.7235318444995862,15.21683294536527,17.235318444995865,152.16832945365272,169.4036478986486,62.52676994510075,100.42010511126648,116.8847849851621,22.011073225467047,35.35052728381622,41.14652913480558,35.61290322580645,5.327146949696049,35.225806451612904,5.846421568899246,0.3870967741935484,1.1622522760433902,1.7896365788302386,5653952,7896.581005586592,1109.4497347126446,390.5555871857161,6,62,579836,6233788,0.03928276774193549,0.023512326338587984,0.008276959407852611
rekaai_reka-flash-3@q6_k_l,12,0,11,1,0.0,0.0,0.0,0.9166666666666666,0.07978559231302819,0.15637976093353526,0.08333333333333333,0.07978559231302818,0.15637976093353523,0.0,8.333333333333332,91.66666666666666,0.041666666666666685,0.14433756729740643,0.08166666666666667,0.5,0,0,0.03375,0.028052305042221008,0.01587208575016548,12,100.0,0.0,0.0,0,0.0,0.0,0.0,7,0,0,0,0,0,4,0,0,1,81,6.75,5.610461008444202,3.174417150033096,1,28,4.166666666666667,61.666666666666664,41.666666666666664,616.6666666666666,658.3333333333334,144.33756729740645,493.4034552949236,546.9266750477507,81.66666666666667,279.16928537894336,309.45289780448974,39,0.0,38.833333333333336,0.3892494720807615,0.16666666666666666,1.111111111111111,0.2202386217379924,319212,3940.8888888888887,1586.8651483600806,897.8534801618615,2,20,140300,459512,0.0,0.0,0.0
sky-t1-32b-preview,30,0,30,0,0.0,0.0,0.0,1.0,0.0,0.0,0.0,0.0,0.0,0.0,0.0,100.0,0.0,0.0,0.0,0.5,0,0,0.06916666666666667,0.04649959831738508,0.016639667556729236,30,100.0,0.0,0.0,0,0.0,0.0,0.0,22,0,0,0,0,0,3,0,0,5,415,13.833333333333334,9.299919663477015,3.3279335113458464,9,59,2.457070707070707,18.51043159738812,24.57070707070707,185.1043159738812,209.67502304458827,66.2693833977502,173.9266973157169,169.60736135191254,23.71419429048534,62.23886930849836,60.69321478449664,38.766666666666666,0.7738543627276671,38.8,0.7611243951073873,-0.03333333333333333,-0.08086036346905914,0.34507228405951934,504706,1216.1590361445783,1351.5071801292022,483.6306332021484,2,46,932760,1437466,0.0,0.0,0.0
