Player,total_games,player_wins,opponent_wins,draws,player_wins_percent,player_draws_percent,average_moves,moe_average_moves,total_moves,player_wrong_actions,player_wrong_moves,wrong_actions_per_1000moves,wrong_moves_per_1000moves,mistakes_per_1000moves,moe_mistakes_per_1000moves,player_avg_material,opponent_avg_material,material_diff_player_llm_minus_opponent,moe_material_diff_llm_minus_rand,completion_tokens_black_per_move,moe_completion_tokens_black_per_move,moe_black_llm_win_rate,moe_draw_rate,moe_black_llm_loss_rate,win_loss,moe_win_loss,win_loss_non_interrupted,moe_win_loss_non_interrupted,game_duration,moe_game_duration,games_interrupted,games_interrupted_percent,moe_games_interrupted,games_not_interrupted,games_not_interrupted_percent,moe_games_not_interrupted,average_game_cost,moe_average_game_cost,price_per_1000_moves,moe_price_per_1000_moves,average_time_per_game_seconds,moe_average_time_per_game_seconds,elo,elo_moe_95,games_vs_random,games_vs_dragon
gpt-5-2025-08-07-low,43,41,0,2,95.349,4.651,42.093,8.701,1810,0,1,0.0,0.552,0.552,0.584,35.791,15.442,20.349,3.101,2864.842,190.228,0.063,0.063,0.0,0.977,0.032,0.977,0.032,1.0,0.0,0,0.0,0.0,43,100.0,0.0,1.22424,0.29247,27.41663,1.90586,2399.015,788.093,562.026,344.516,43,0
gpt-5-mini-2025-08-07-high,35,31,0,4,88.571,11.429,70.743,14.138,2476,0,18,0.0,7.27,7.27,4.246,33.086,3.857,29.229,3.214,6590.339,320.467,0.105,0.105,0.0,0.943,0.053,0.943,0.053,1.0,0.0,0,0.0,0.0,35,100.0,0.0,0.93946,0.18272,13.16065,0.64207,6181.185,1768.525,399.720,247.949,35,0
o3-2025-04-16-low,242,127,44,71,52.479,29.339,102.165,22.789,24724,12,58,0.485,2.346,2.831,4.228,17.706524793388432,9.450264462809919,8.256,4.229,1840.625057798091,189.166,0.17,0.17,0.098,0.671,0.114,0.6741203319502076,0.114,0.9967024793388429,0.038,1,0.413,0.046,241,99.587,0.046,7.886004504132232,1.90035,76.54568776859504,7.61905,3296.5659338842975,1131.121,739.916,62.992,42,200
gpt-5-nano-2025-08-07-medium,132,58,54,20,43.939,15.152,93.356,22.458,12323,88,200,7.141,16.23,23.371,14.885,22.5305,11.159250000000002,11.371,4.02,5103.258899131705,605.711,0.17,0.139,0.171,0.515,0.159,0.7310752688172042,0.181,0.8109999999999999,0.132,39,29.545,0.058,93,70.455,0.058,0.1921425,0.04591,2.1211149999999996,0.26086,2387.47925,589.187,413.304,77.499,33,99
o4-mini-2025-04-16-high,135,57,25,53,42.222,39.259,105.304,23.698,14216,420,72,29.544,5.065,34.609,9.288,18.496288888888888,8.429622222222223,10.067,3.79,5891.222624929657,419.759,0.152,0.177,0.164,0.619,0.128,0.6958,0.121,0.9087777777777778,0.141,15,11.111,0.05,120,88.889,0.05,2.77765,0.60718,26.406034000000002,1.85331,7128.557022222222,1944.93,399.953,69.328,39,96
gpt-5-nano-2025-08-07-high,132,81,18,33,61.364,25.0,110.75,22.034,14619,28,136,1.915,9.303,11.218,29.564,23.00025,6.856,16.144,3.62,10932.864751624598,1240.678,0.169,0.167,0.139,0.739,0.131,0.8056363636363636,0.126,0.942,0.08,11,8.333,0.058,121,91.667,0.058,0.48581250000000004,0.09322,4.464622500000001,0.50923,6080.728,1203.684,682.959,81.088,33,99
gpt-5-mini-2025-08-07-medium,33,27,0,6,81.818,18.182,115.818,18.983,3822,2,33,0.523,8.634,9.158,3.383,24.848,2.97,21.878,3.355,1689.126,72.93,0.132,0.132,0.0,0.909,0.067,0.909,0.067,1.0,0.0,0,0.0,0.0,33,100.0,0.0,0.40257,0.06647,3.44041,0.14709,1874.655,332.664,312.727,206.175,33,0
o3-2025-04-16-medium,53,48,5,0,90.566,0.0,35.943,7.299,1905,0,1,0.0,0.525,0.525,1.422,35.245,19.358,15.887,2.332,5040.309,341.848,0.079,0.0,0.079,0.906,0.079,1.0,0.0,0.917,0.07,5,9.434,0.079,48,90.566,0.079,7.36261,1.9088,185.82826,13.74326,0,0,305.635,160.005,53,0
o1-2024-12-17-medium,41,33,1,7,80.488,17.073,95.415,14.675,3912,6,16,1.534,4.09,5.624,2.043,24.585,3.683,20.902,2.993,3309.075,57.301,0.121,0.115,0.047,0.89,0.073,0.912,0.06,0.986,0.028,1,2.439,0.047,40,97.561,0.047,19.56551,2.91466,205.95008,3.46282,0,0,276.359,170.114,41,0
grok-3-mini-beta-high,216,52,63,101,24.074,46.759,125.801,44.445,27173,46,575,1.693,21.161,22.854,14.725,13.398060185185184,8.83788888888889,4.56,7.815,1013.8593685643843,313.092,0.126,0.367,0.367,0.475,0.198,0.4766046511627907,0.198,0.9981481481481481,0.02,1,0.463,0.0,215,99.537,0.0,0.0603650925925926,0.08532,0.7055428703703703,0.15969,5547.566393518518,2486.394,377.307,60.197,49,167
o4-mini-2025-04-16-medium,199,116,4,79,58.291,39.698,111.538,13.738,22196,593,106,26.717,4.776,31.492,4.237,20.46717085427136,4.401894472361809,16.065,2.784,2155.5735167597763,92.262,0.118,0.138,0.093,0.781,0.081,0.7814924623115578,0.081,1.0,0.0,0,0.0,0.0,199,100.0,0.0,1.1091211557788945,0.11717,9.880188743718593,0.41017,617.6994974874372,246.44,240.335,64.322,159,40
non-gemini-25pro-t03_mini41-t00_mini41-t03,45,26,0,19,57.778,42.222,114.8,15.121,5166,0,103,0.0,19.938,19.938,4.437,21.8,4.778,17.022,3.243,410.51,11.019,0.144,0.144,0.0,0.789,0.0,0.789,0.073,1.0,0.0,0,0.0,0.0,45,100.0,0.0,0.0,0.0,0.0,0.0,0,0,141.728,124.374,45,0
o1-2024-12-17-low,47,27,0,20,57.447,42.553,128.574,15.858,6043,0,0,0.0,0.0,0.0,0.0,19.234,3.745,15.489,3.486,1638.948,32.898,0.141,0.141,0.0,0.787,0.071,0.787,0.071,1.0,0.0,0,0.0,0.0,47,100.0,0.0,13.48432,1.65201,105.22889,1.98417,0,0,140.007,121.352,47,0
o4-mini-2025-04-16-low,123,32,22,69,26.016,56.098,149.228,34.834,18355,1567,113,85.372,6.156,91.528,9.922,13.747951219512197,7.195008130081302,6.553,5.421,658.5948779624081,23.185,0.113,0.245,0.245,0.541,0.127,0.5492148760330579,0.131,0.9901463414634146,0.099,2,1.626,0.0,121,98.374,0.0,0.5068157723577236,0.09516,3.3620051219512193,0.10957,1002.0372520325203,8250.306,104.115,72.232,74,49
claude-v4-sonnet-thinking_16000,38,14,0,24,36.842,63.158,155.816,17.088,5921,1,22,0.169,3.716,3.884,1.614,13.921,2.342,11.579,3.053,936.791,38.312,0.153,0.153,0.0,0.684,0.078,0.684,0.078,1.0,0.0,0,0.0,0.0,38,100.0,0.0,2.48225,0.26043,16.19224,0.57678,0,0,47.043,118.827,38,0
o1-preview-2024-09-12,30,14,3,13,46.667,43.333,124.8,22.016,3744,4,10,1.068,2.671,3.739,10.21,17.8,4.033,13.767,4.336,2660.072,95.706,0.179,0.177,0.107,0.683,0.12,0.759,0.096,0.93,0.078,3,10.0,0.107,27,90.0,0.107,22.56184,3.76271,183.98446,6.47143,0,0,46.339,133.636,30,0
o3-mini-2025-01-31-medium,82,16,9,57,19.512,69.512,152.451,17.999,12501,114,87,9.119,6.959,16.079,6.71,13.109560975609755,3.2076341463414635,9.902,3.504,2322.359674266059,78.942,0.142,0.144,0.13,0.543,0.078,0.5494814814814815,0.073,0.9892682926829269,0.04,1,1.22,0.044,81,98.78,0.044,1.6101843902439026,0.20051,10.70118,0.35177,1626.1641219512194,317.633,121.564,86.508,44,38
claude-v4-opus-thinking_16000,34,11,0,23,32.353,67.647,153.882,21.413,5232,0,8,0.0,1.529,1.529,0.806,13.088,5.265,7.823,2.792,559.753,17.047,0.157,0.157,0.0,0.662,0.08,0.662,0.08,1.0,0.0,0,0.0,0.0,34,100.0,0.0,7.92333,1.05248,52.58046,1.27791,0,0,29.320,123.424,34,0
non-r1-t03_mini41-t10_mini41-t03,35,10,1,24,28.571,68.571,156.857,17.54,5490,1,262,0.182,47.723,47.905,6.633,11.2,1.629,9.571,3.141,4952.911,136.144,0.15,0.154,0.055,0.629,0.028,0.629,0.084,1.0,0.0,0,0.0,0.0,35,100.0,0.0,0.0,0.0,0.0,0.0,0,0,4.118,119.111,35,0
claude-v3-7-sonnet-thinking_10000,37,9,0,28,24.324,75.676,172.703,15.785,6390,0,18,0.0,2.817,2.817,1.673,10.0,3.838,6.162,2.003,671.331,21.591,0.138,0.138,0.0,0.622,0.07,0.622,0.07,1.0,0.0,0,0.0,0.0,37,100.0,0.0,2.07538,0.19595,11.97651,0.33174,0,0,-1.033,115.418,37,0
claude-v4-sonnet,37,9,1,27,24.324,72.973,173.865,14.471,6433,1,69,0.155,10.726,10.881,4.166,11.649,6.595,5.054,2.514,129.02,2.02,0.138,0.143,0.052,0.608,0.077,0.608,0.077,1.0,0.0,0,0.0,0.0,37,100.0,0.0,0.64424,0.05492,3.69723,0.03563,0,0,-10.948,114.664,37,0
claude-v4-opus,37,9,1,27,24.324,72.973,167.189,16.841,6186,0,71,0.0,11.478,11.478,4.014,12.351,3.757,8.594,2.328,137.559,1.873,0.138,0.143,0.052,0.608,0.077,0.608,0.077,1.0,0.0,0,0.0,0.0,37,100.0,0.0,3.28156,0.33033,19.66358,0.21184,0,0,-10.948,114.664,37,0
grok-3-mini-beta-low,59,10,1,48,16.949,81.356,182.508,9.092,10768,27,52,2.507,4.829,7.337,1.741,17.373,2.339,15.034,1.983,1766.709,33.464,0.096,0.099,0.033,0.576,0.052,0.576,0.052,1.0,0.0,0,0.0,0.0,59,100.0,0.0,0.19417,0.00688,0.99753,0.01861,0,0,-33.858,89.705,59,0
claude-v3-7-sonnet-thinking_5000,41,7,1,33,17.073,80.488,181.293,11.816,7433,1,21,0.135,2.825,2.96,1.245,9.561,2.39,7.171,2.311,575.316,9.761,0.115,0.121,0.047,0.573,0.065,0.573,0.065,1.0,0.0,0,0.0,0.0,41,100.0,0.0,1.91561,0.12592,10.57228,0.15071,0,0,-36.061,107.508,41,0
claude-v3-7-sonnet-thinking_1024,41,8,2,31,19.512,75.61,175.488,13.573,7195,0,52,0.0,7.227,7.227,6.506,9.512,3.902,5.61,2.354,369.429,4.053,0.121,0.131,0.066,0.573,0.073,0.588,0.069,0.978,0.043,1,2.439,0.047,40,97.561,0.047,1.31591,0.10133,7.52735,0.0734,0,0,-36.061,107.508,41,0
grok-3-mini-beta,42,6,0,36,14.286,85.714,190.262,6.928,7991,12,37,1.502,4.63,6.132,1.557,14.786,0.929,13.857,2.652,16.489,1.605,0.106,0.106,0.0,0.571,0.054,0.571,0.054,1.0,0.0,0,0.0,0.0,42,100.0,0.0,0.02445,0.00094,0.12857,0.00174,0,0,-37.298,106.165,42,0
qwen3-30b-a3b-thinking-2507@q4_k_m,42,11,5,26,26.19,61.905,152.524,18.4,6406,166,270,25.913,42.148,68.061,8.965,18.643,5.071,13.572,2.997,5958.988,103.122,0.133,0.147,0.098,0.571,0.092,0.632,0.08,0.943,0.062,4,9.524,0.089,38,90.476,0.089,0.5518,0.06577,3.62651,0.06208,6390.282,773.966,-37.298,106.165,42,0
gpt-5-nano-2025-08-07-low,132,15,109,8,11.364,6.061,60.848,21.129,8032,429,347,53.411,43.202,96.614,29.345,24.27275,23.189249999999998,1.084,3.243,1101.6938004233068,137.088,0.17,0.139,0.161,0.144,0.152,0.48717948717948717,0.163,0.46025000000000005,0.125,93,70.455,0.161,39,29.545,0.161,0.0285125,0.00918,0.503595,0.06195,385.68149999999997,116.163,-116.982,99.069,33,99
o1-mini-2024-09-12,63,9,39,15,14.286,23.81,91.651,21.99,5774,158,209,27.364,36.197,63.561,83.231,23.159142857142857,21.841095238095235,1.318,3.16,1642.4035178385868,463.526,0.164,0.179,0.143,0.262,0.127,0.6880000000000001,0.099,0.5445714285714286,0.085,39,61.905,0.143,24,38.095,0.143,2.100589523809524,0.41794,32.86040190476191,8.38209,480.54495238095234,210.334,-120.235,107.171,30,33
gpt-5-mini-2025-08-07-low,33,3,0,30,9.091,90.909,190.636,8.689,6291,0,30,0.0,4.769,4.769,1.664,16.061,4.788,11.273,2.967,290.669,16.455,0.098,0.098,0.0,0.545,0.05,0.545,0.05,1.0,0.0,0,0.0,0.0,33,100.0,0.0,0.13058,0.0078,0.68813,0.03267,844.494,53.674,-55.601,119.035,33,0
claude-v3-7-sonnet-thinking_2048,84,12,6,66,14.286,78.571,179.262,7.941,15058,1,59,0.066,3.918,3.985,0.974,9.988,3.798,6.19,1.725,470.392,3.532,0.075,0.088,0.055,0.536,0.049,0.542,0.048,0.991,0.017,1,1.19,0.023,83,98.81,0.023,1.61238,0.0704,9.01195,0.05498,0,0,-62.414,74.491,84,0
gemini-2.5-pro-preview-05-06,42,20,18,4,47.619,9.524,77.167,14.228,3241,84,101,25.918,31.163,57.081,11.18,28.286,12.095,16.191,3.454,631.702,28.288,0.151,0.089,0.15,0.524,0.145,0.917,0.076,0.691,0.114,18,42.857,0.15,24,57.143,0.15,0.58173,0.10929,7.42834,0.35994,0,0,-70.716,105.196,42,0
gpt-5-chat-2025-08-07,33,0,0,33,0.0,100.0,190.485,13.02,6286,7,113,1.114,17.976,19.09,11.047,12.091,16.303,-4.212,3.018,9.425,0.86,0.0,0.0,0.0,0.5,0.0,0.5,0.0,0.952,0.065,2,6.061,0.081,31,93.939,0.081,0.12144,0.00846,0.64091,0.01713,153.553,10.481,-87.273,118.542,33,0
gpt-4-32k-0613,33,0,1,32,0.0,96.97,198.697,2.554,6557,0,0,0.0,0.0,0.0,0.0,13.788,17.727,-3.939,3.87,6.657,0.131,0.0,0.058,0.058,0.485,0.03,0.485,0.03,1.0,0.0,0,0.0,0.0,33,100.0,0.0,2.22661,0.05825,11.19891,0.22576,0,0,-97.805,118.597,33,0
qwen-max-2025-01-25,60,0,2,58,0.0,96.667,196.5,4.983,11790,0,0,0.0,0.0,0.0,0.0,18.533,21.383,-2.85,2.312,6.062,0.037,0.0,0.045,0.045,0.483,0.023,0.483,0.023,1.0,0.0,0,0.0,0.0,60,100.0,0.0,0.13357,0.00352,0.67959,0.00408,0,0,-98.859,87.962,60,0
non_gpt-4.1-mini-2025-04-14_t00_t07_t03,30,0,1,29,0.0,96.667,198.3,3.332,5949,1,25,0.168,4.202,4.37,2.087,14.567,22.167,-7.6,2.792,30.203,1.239,0.0,0.064,0.064,0.483,0.033,0.483,0.033,1.0,0.0,0,0.0,0.0,30,100.0,0.0,0.08669,0.00392,0.43677,0.01739,0,0,-98.859,124.397,30,0
llama-4-maverick-17b-128e-instruct,28,2,3,23,7.143,82.143,175.357,20.481,4910,0,24,0.0,4.888,4.888,2.394,15.5,20.5,-5.0,3.088,327.814,10.55,0.095,0.142,0.115,0.482,0.079,0.5,0.074,0.978,0.043,1,3.571,0.069,27,96.429,0.069,0.05653,0.00696,0.31896,0.00825,1567.316,810.022,-99.687,128.774,28,0
gpt-4o-2024-11-20,71,3,6,62,4.225,87.324,189.718,7.592,13470,1,1,0.074,0.074,0.148,0.194,11.901,19.901,-8.0,2.499,50.575,0.253,0.047,0.077,0.065,0.479,0.041,0.479,0.041,1.0,0.0,0,0.0,0.0,71,100.0,0.0,0.31529,0.01271,1.66154,0.0084,0,0,-101.963,80.889,71,0
claude-v3-5-sonnet-v2,60,2,5,53,3.333,88.333,188.2,9.394,11292,0,8,0.0,0.708,0.708,4.562,10.817,13.833,-3.016,2.56,90.854,1.142,0.045,0.081,0.07,0.475,0.043,0.491,0.038,0.976,0.034,2,3.333,0.045,58,96.667,0.045,0.582,0.02925,3.09708,0.02257,0,0,-104.660,88.023,60,0
gpt-4-turbo-2024-04-09,30,0,2,28,0.0,93.333,192.867,10.711,5786,0,0,0.0,0.0,0.0,0.0,15.433,20.8,-5.367,3.719,6.033,0.031,0.0,0.089,0.089,0.467,0.045,0.467,0.045,1.0,0.0,0,0.0,0.0,30,100.0,0.0,0.84817,0.04844,4.39299,0.03507,0,0,-110.470,124.605,30,0
claude-v3-5-sonnet-v1,60,4,8,48,6.667,80.0,183.383,10.151,11003,0,3,0.0,0.273,0.273,3.267,13.2,17.367,-4.167,3.005,80.424,1.281,0.063,0.101,0.086,0.467,0.056,0.475,0.055,0.986,0.028,1,1.667,0.032,59,98.333,0.032,0.54226,0.03054,2.95605,0.02739,0,0,-110.470,88.109,60,0
gpt-4.5-preview-2025-02-27,44,0,3,41,0.0,93.182,194.5,6.872,8558,0,43,0.0,5.025,5.025,1.951,12.727,10.273,2.454,2.856,8.033,0.017,0.0,0.074,0.074,0.466,0.038,0.466,0.038,1.0,0.0,0,0.0,0.0,44,100.0,0.0,6.48343,0.23741,33.32018,0.22673,0,0,-110.999,102.900,44,0
gpt-4-0613,33,0,3,30,0.0,90.909,192.879,10.455,6365,0,0,0.0,0.0,0.0,0.0,15.152,18.788,-3.636,3.008,6.57,0.05,0.0,0.098,0.098,0.455,0.05,0.455,0.05,1.0,0.0,0,0.0,0.0,33,100.0,0.0,1.06846,0.06042,5.52987,0.06806,0,0,-118.946,119.035,33,0
gpt-4.1-2025-04-14,80,1,11,68,1.25,85.0,190.2,7.05,15216,856,18,56.257,1.183,57.44,7.738,16.875,25.825,-8.95,2.176,19.649,0.273,0.024,0.078,0.075,0.438,0.04,0.443,0.039,0.988,0.023,1,1.25,0.024,79,98.75,0.024,0.28338,0.01075,1.4929,0.01562,0,0,-130.931,76.737,80,0
gpt-4o-2024-08-06,60,1,9,50,1.667,83.333,186.9,8.05,11214,0,1,0.0,0.089,0.089,0.308,14.483,19.333,-4.85,2.57,7.703,0.388,0.032,0.094,0.09,0.433,0.049,0.441,0.048,0.995,0.009,1,1.667,0.032,59,98.333,0.032,0.20812,0.00885,1.11471,0.00712,0,0,-133.876,88.705,60,0
claude-v3-5-haiku,42,0,6,36,0.0,85.714,187.333,12.267,7868,0,153,0.0,19.446,19.446,5.057,16.238,19.071,-2.833,3.107,65.094,0.91,0.0,0.106,0.106,0.429,0.054,0.462,0.042,0.945,0.061,3,7.143,0.078,39,92.857,0.078,0.13858,0.00865,0.75424,0.02563,0,0,-137.249,106.165,42,0
grok-3-beta,42,1,7,34,2.381,80.952,178.333,16.885,7490,1,525,0.134,70.093,70.227,23.269,15.952,18.81,-2.858,3.325,93.686,16.389,0.046,0.119,0.113,0.429,0.063,0.486,0.046,0.91,0.083,5,11.905,0.098,37,88.095,0.098,0.54328,0.05047,3.65971,1.05727,0,0,-137.249,106.165,42,0
qwen-3-235b-a22b-instruct-2507,33,0,5,28,0.0,84.848,188.606,10.722,6224,5,104,0.803,16.71,17.513,5.55,12.788,17.636,-4.848,3.569,112.002,38.397,0.0,0.122,0.122,0.424,0.062,0.438,0.058,0.999,0.001,1,3.03,0.058,32,96.97,0.058,0.08124,0.01411,0.42477,0.06641,1167.845,646.978,-140.324,119.927,33,0
gemini-2.5-pro-preview-03-25,43,12,19,12,27.907,27.907,104.256,15.942,4483,63,218,14.053,48.628,62.681,13.163,22.14,7.744,14.396,3.367,434.93,11.684,0.134,0.134,0.148,0.419,0.126,0.761,0.104,0.736,0.096,20,46.512,0.149,23,53.488,0.149,0.55703,0.08452,5.34011,0.14908,0,0,-144.340,105.252,43,0
claude-v3-opus,30,0,5,25,0.0,83.333,165.6,23.782,4968,1,7,0.201,1.409,1.61,12.311,15.633,21.633,-6.0,3.159,72.862,4.832,0.0,0.133,0.133,0.417,0.068,0.46,0.054,0.868,0.11,5,16.667,0.133,25,83.333,0.133,2.32157,0.34181,14.02221,0.49823,0,0,-145.725,126.092,30,0
gemini-2.5-pro,41,15,22,4,36.585,9.756,83.366,17.943,3418,24,114,7.022,33.353,40.374,20.254,25.463,16.024,9.439,3.226,331.328,7.764,0.147,0.091,0.153,0.415,0.145,0.81,0.143,0.653,0.126,20,48.78,0.153,21,51.22,0.153,0.3477,0.07578,4.1094,0.09003,0,0,-147.178,107.935,41,0
claude-v3-7-sonnet,42,2,10,30,4.762,71.429,167.643,17.67,7041,0,15,0.0,2.13,2.13,9.058,13.381,9.738,3.643,1.963,108.84,1.983,0.064,0.137,0.129,0.405,0.076,0.459,0.07,0.928,0.069,5,11.905,0.098,37,88.095,0.098,0.57589,0.06179,3.43599,0.04723,0,0,-154.270,107.036,42,0
gpt-4o-2024-05-13,60,0,12,48,0.0,80.0,184.283,9.433,11057,1,16,0.09,1.447,1.537,3.492,13.633,17.35,-3.717,1.914,31.335,0.869,0.0,0.101,0.101,0.4,0.051,0.436,0.044,0.959,0.039,5,8.333,0.07,55,91.667,0.07,0.26689,0.0132,1.45723,0.0202,0,0,-157.710,89.726,60,0
o3-mini-2025-01-31-low,121,3,71,47,2.479,38.843,134.769,21.797,16307,48,178,2.944,10.916,13.859,8.754,17.033338842975205,18.760429752066113,-1.727,3.539,663.4276962040841,25.851,0.051,0.139,0.139,0.219,0.071,0.2921910112359551,0.087,0.8570826446280991,0.103,32,26.446,0.118,89,73.554,0.118,0.45190148760330584,0.07502,3.3090555371900825,0.11717,378.5459173553719,181.497,-183.865,80.905,65,56
deepseek-reasoner-r1,31,7,18,6,22.581,19.355,91.774,22.888,2845,9,44,3.163,15.466,18.629,32.805,21.935,10.806,11.129,3.603,4584.973,190.774,0.147,0.139,0.174,0.323,0.148,0.769,0.141,0.624,0.138,18,58.065,0.174,13,41.935,0.174,0.9375,0.22288,10.5125,0.52432,0,0,-216.161,130.819,31,0
gpt-4.1-mini-2025-04-14,84,0,33,51,0.0,60.714,164.167,11.632,13790,208,55,15.083,3.988,19.072,3.741,18.917,27.298,-8.381,1.901,8.196,0.479,0.0,0.104,0.104,0.304,0.053,0.432,0.044,0.869,0.051,25,29.762,0.098,59,70.238,0.098,0.01717,0.00107,0.10899,0.00434,0,0,-231.520,80.796,84,0
gpt-oss-20b-medium,33,1,14,18,3.03,54.545,7.333,2.852,242,82,6,338.843,24.793,363.636,185.343,38.303,36.636,1.667,1.226,4091.326,763.695,0.058,0.17,0.169,0.303,0.095,1.0,0,0.063,0.059,32,96.97,0.058,1,3.03,0.058,0.01539,0.00901,1.08243,0.38477,32.558,17.566,-231.965,128.971,33,0
gpt-4o-mini-2024-07-18,30,0,12,18,0.0,60.0,149.367,25.136,4481,13,24,2.901,5.356,8.257,27.634,20.433,24.867,-4.434,3.094,108.216,8.095,0.0,0.175,0.175,0.3,0.089,0.474,0.052,0.77,0.123,11,36.667,0.172,19,63.333,0.172,0.02189,0.00369,0.14764,0.0061,0,0,-234.464,135.653,30,0
gpt-oss-120b-medium,43,11,30,2,25.581,4.651,50.581,12.667,2175,618,173,284.138,79.54,363.678,39.56,29.814,17.791,12.023,3.065,1299.259,106.711,0.13,0.063,0.137,0.279,0.132,0.923,0.102,0.473,0.118,30,69.767,0.137,13,30.233,0.137,0.05293,0.01298,0.9611,0.08073,163.197,39.517,-252.146,115.761,43,0
gpt-oss-120b-high,43,12,31,0,27.907,0.0,39.814,7.722,1712,484,167,282.71,97.547,380.257,60.211,30.907,19.488,11.419,2.897,1329.63,101.821,0.134,0.0,0.134,0.279,0.136,1.0,0.0,0.424,0.114,31,72.093,0.134,12,27.907,0.134,0.04269,0.00918,0.97511,0.07685,131.493,27.947,-252.146,115.761,43,0
gpt-oss-20b-high,33,1,16,16,3.03,48.485,8.242,3.506,272,110,9,404.412,33.088,437.5,228.702,38.515,36.939,1.576,1.742,4209.239,687.227,0.058,0.171,0.171,0.273,0.096,1.0,0,0.069,0.06,32,96.97,0.058,1,3.03,0.058,0.01784,0.01183,1.23913,0.34624,37.21,22.511,-257.661,133.085,33,0
gpt-oss-120b-low,46,9,31,6,19.565,13.043,53.435,12.935,2458,667,191,271.359,77.705,349.064,69.722,27.261,16.152,11.109,2.485,1307.456,124.699,0.115,0.097,0.135,0.261,0.117,0.909,0.12,0.416,0.105,35,76.087,0.123,11,23.913,0.123,0.05617,0.01394,0.91412,0.09447,173.249,42.829,-268.192,114.327,46,0
llama-3-70b-instruct-awq,30,0,15,15,0.0,50.0,148.3,22.34,4449,2,41,0.45,9.216,9.665,14.735,21.567,26.967,-5.4,3.086,41.609,2.695,0.0,0.179,0.179,0.25,0.091,0.469,0.061,0.743,0.112,14,46.667,0.179,16,53.333,0.179,0.02048,0.00289,0.14259,0.00778,0,0,-278.122,143.562,30,0
gemini-2.5-flash,42,8,30,4,19.048,9.524,71.81,16.179,3016,127,454,42.109,150.531,192.639,22.763,26.643,14.0,12.643,2.96,186.968,13.224,0.119,0.089,0.137,0.238,0.122,0.769,0.179,0.49,0.113,29,69.048,0.14,13,30.952,0.14,0.04666,0.01087,0.65644,0.05347,0,0,-289.333,123.353,42,0
gpt-oss-20b-low,33,1,19,13,3.03,39.394,9.667,3.532,319,106,12,332.288,37.618,369.906,200.355,37.667,35.636,2.031,1.464,3929.781,633.877,0.058,0.167,0.169,0.227,0.096,1.0,0,0.077,0.059,32,96.97,0.058,1,3.03,0.058,0.01942,0.00855,1.38459,0.31591,40.408,16.863,-299.865,141.435,33,0
gemini-2.0-flash-001,67,3,41,23,4.478,34.328,158.806,10.896,10640,18,95,1.692,8.929,10.62,4.204,14.672,16.657,-1.985,2.289,93.774,3.066,0.05,0.114,0.117,0.216,0.07,0.483,0.088,0.834,0.051,37,55.224,0.119,30,44.776,0.119,0.01469,0.00109,0.09156,0.00155,0,0,-310.790,101.012,67,0
grok-2-1212,49,2,32,15,4.082,30.612,114.143,19.008,5593,1,93,0.179,16.628,16.807,9.453,25.327,22.388,2.939,2.52,66.229,1.037,0.055,0.129,0.133,0.194,0.08,0.528,0.096,0.615,0.096,31,63.265,0.135,18,36.735,0.135,0.19037,0.03178,1.66972,0.02857,0,0,-334.823,123.038,49,0
non-haiku35-t07_haiku35-t10_haiku35-t03,42,0,28,14,0.0,33.333,118.095,22.967,4960,635,91,128.024,18.347,146.371,12.475,25.595,27.571,-1.976,2.774,308.246,93.049,0.0,0.143,0.143,0.167,0.072,0.5,0.0,0.59,0.115,28,66.667,0.143,14,33.333,0.143,0.0,0.0,0.0,0.0,0,0,-366.861,140.975,42,0
gemini-1.5-flash-001,30,0,20,10,0.0,33.333,84.133,33.529,2524,18,36,7.132,14.263,21.395,121.095,29.267,35.667,-6.4,3.128,19.915,4.412,0.0,0.169,0.169,0.167,0.086,0.417,0.11,0.429,0.171,18,60.0,0.175,12,40.0,0.175,0.00338,0.00127,0.05946,0.00741,0,0,-366.861,166.804,30,0
gemma-2-27b-it@q6_k_l,30,0,22,8,0.0,26.667,108.933,25.251,3268,8,52,2.448,15.912,18.36,24.919,25.467,26.333,-0.866,2.669,55.044,2.729,0.0,0.158,0.158,0.133,0.08,0.4,0.131,0.567,0.133,20,66.667,0.169,10,33.333,0.169,0.01987,0.00425,0.19676,0.01423,0,0,-412.439,182.871,30,0
qwen-3-235b-a22b-thinking-2507-low,4,0,3,1,0.0,25.0,24.75,40.764,99,0,3,0.0,30.303,30.303,16.897,30.5,31.5,-1.0,1.96,9157.444,7081.256,0.0,0.424,0.424,0.125,0.245,0.5,0,0.124,0.204,4,100.0,0.0,0,0.0,0.0,0.0,0.0,0.0,0.0,509.237,742.087,-425.313,514.768,4,0
llama-4-scout-cerebras,39,0,31,8,0.0,20.513,102.744,21.612,4007,4,869,0.998,216.87,217.869,26.477,24.436,29.103,-4.667,2.605,156.782,4.73,0.0,0.127,0.127,0.103,0.064,0.444,0.109,0.536,0.109,30,76.923,0.132,9,23.077,0.132,0.06076,0.01181,0.61227,0.01743,0,0,-464.077,179.709,39,0
gemma-2-9b-it-8bit,30,0,26,4,0.0,13.333,69.167,26.063,2075,45,31,21.687,14.94,36.627,135.358,32.0,34.133,-2.133,1.805,58.124,4.687,0.0,0.122,0.122,0.067,0.062,0.4,0.196,0.355,0.135,25,83.333,0.133,5,16.667,0.133,0.00144,0.00049,0.02627,0.0034,0,0,-545.725,249.211,30,0
deepseek-chat-v3-0324,45,1,41,3,2.222,6.667,72.444,16.633,3260,6,350,1.84,107.362,109.202,24.608,27.333,25.133,2.2,1.808,410.707,13.223,0.043,0.073,0.083,0.056,0.056,0.625,0.245,0.362,0.083,41,91.111,0.083,4,8.889,0.083,0.04699,0.01102,0.64627,0.02072,0,0,-579.453,221.586,45,0
llama-3.3-70b,42,0,38,4,0.0,9.524,68.714,20.993,2886,2,100,0.693,34.65,35.343,39.039,30.905,33.452,-2.547,1.746,102.982,5.655,0.0,0.089,0.089,0.048,0.045,0.25,0.185,0.379,0.115,34,80.952,0.119,8,19.048,0.119,0.01396,0.00393,0.21756,0.00816,0,0,-607.685,246.706,42,0
qwen-plus-2025-01-25,33,0,30,3,0.0,9.091,87.576,21.26,2890,2,89,0.692,30.796,31.488,23.301,28.515,25.909,2.606,2.768,440.414,7.515,0.0,0.098,0.098,0.045,0.05,0.5,0.0,0.438,0.106,30,90.909,0.098,3,9.091,0.098,0.07284,0.01749,0.83527,0.01263,0,0,-616.161,284.549,33,0
qwen3-4b-thinking-2507@q8,37,0,34,3,0.0,8.108,90.378,20.486,3344,81,212,24.222,63.397,87.62,31.633,31.081,26.811,4.27,2.811,7094.263,154.801,0.0,0.088,0.088,0.041,0.045,0.5,0.0,0.452,0.102,34,91.892,0.088,3,8.108,0.088,0.0,0.0,0.0,0.0,5339.989,1160.138,-636.928,283.819,37,0
gemini-1.5-pro-preview-0409,40,0,37,3,0.0,7.5,65.65,18.512,2626,14,71,5.331,27.037,32.369,22.518,29.75,33.075,-3.325,2.355,13.383,0.354,0.0,0.082,0.082,0.037,0.041,0.5,0.0,0.328,0.093,37,92.5,0.082,3,7.5,0.082,0.15497,0.04166,2.3302,0.1435,0,0,-651.021,283.370,40,0
gemini-2.0-flash-exp,30,0,28,2,0.0,6.667,85.867,26.346,2576,0,81,0.0,31.444,31.444,46.899,26.933,27.167,-0.234,1.881,168.15,16.079,0.0,0.089,0.089,0.033,0.045,0.5,0.0,0.429,0.132,28,93.333,0.089,2,6.667,0.089,0.01151,0.00365,0.12556,0.00582,0,0,-672.233,346.308,30,0
qwen2.5-72b-instruct,30,0,28,2,0.0,6.667,64.1,18.287,1923,10,71,5.2,36.921,42.122,34.983,30.667,32.733,-2.066,2.11,219.465,10.325,0.0,0.089,0.089,0.033,0.045,0.333,0.327,0.336,0.101,27,90.0,0.107,3,10.0,0.107,0.01101,0.00286,0.17802,0.00681,0,0,-672.233,346.308,30,0
kimi-k2-instruct,33,1,32,0,3.03,0.0,40.909,10.9,1350,43,158,31.852,117.037,148.889,41.789,33.879,33.485,0.394,1.9,180.902,48.401,0.058,0.0,0.058,0.03,0.059,1.0,0,0.227,0.072,32,96.97,0.058,1,3.03,0.058,0.06432,0.01629,2.0232,0.5232,63.49,17.507,-689.333,345.766,33,0
llama3.1-8b,90,0,87,3,0.0,3.333,27.067,4.595,2436,44,188,18.062,77.176,95.238,26.331,37.2,37.833,-0.633,0.803,162.101,85.997,0.0,0.037,0.037,0.017,0.019,0.5,0.0,0.135,0.023,90,100.0,0.0,0,0.0,0.0,0.00093,0.00013,0.04265,0.00511,0,0,-795.614,280.352,90,0
gemini-2.0-flash-lite-001,66,1,65,0,1.515,0.0,84.212,14.68,5558,17,172,3.059,30.946,34.005,53.913,26.409,30.121,-3.712,1.862,150.15,6.976,0.029,0.0,0.029,0.015,0.03,0.333,0.653,0.43,0.076,63,95.455,0.05,3,4.545,0.05,0.0075,0.00131,0.08785,0.002,0,0,-812.439,343.096,66,0
deepseek-chat-v3,70,0,68,2,0.0,2.857,57.757,11.861,4043,10,180,2.473,44.521,46.995,20.82,32.171,30.529,1.642,1.425,246.926,8.419,0.0,0.039,0.039,0.014,0.02,0.333,0.327,0.294,0.062,67,95.714,0.047,3,4.286,0.047,0.02577,0.00548,0.44991,0.01654,0,0,-822.813,342.945,70,0
gemini-2.0-flash-lite-preview-02-05,39,0,39,0,0.0,0.0,51.256,14.884,1999,21,93,10.505,46.523,57.029,66.669,32.795,34.231,-1.436,1.638,144.004,8.35,0.0,0.0,0.0,0.0,0.0,0.0,0.0,0.275,0.083,38,97.436,0.05,1,2.564,0.05,0.00444,0.00131,0.08609,0.0025,0,0,,,39,0
gemini-2.0-flash-thinking-exp-01-21,33,0,33,0,0.0,0.0,40.636,8.572,1341,7,1,5.22,0.746,5.966,89.004,33.212,33.727,-0.515,1.842,17.77,8.803,0.0,0.0,0.0,0.0,0.0,0.5,0.0,0.203,0.043,33,100.0,0.0,0,0.0,0.0,0.00154,0.00033,0.03983,0.00534,0,0,,,33,0
claude-v3-haiku,40,0,40,0,0.0,0.0,33.35,7.953,1334,7,4,5.247,2.999,8.246,30.687,36.725,37.15,-0.425,1.073,210.64,81.164,0.0,0.0,0.0,0.0,0.0,0.5,0.0,0.167,0.04,40,100.0,0.0,0,0.0,0.0,0.02161,0.00348,0.9677,0.2627,0,0,,,40,0
gemma-3-12b-it@iq4_xs,134,0,134,0,0.0,0.0,29.776,4.813,3990,329,70,82.456,17.544,100.0,49.715,35.784,36.06,-0.276,0.733,111.144,2.632,0.0,0.0,0.0,0.0,0.0,0.5,0.0,0.149,0.024,134,100.0,0.0,0,0.0,0.0,0.0,0.0,0.0,0.0,0,0,,,134,0
chat-bison-32k@002,36,0,36,0,0.0,0.0,26.444,6.179,952,76,30,79.832,31.513,111.345,146.62,37.056,36.889,0.167,1.501,31.645,41.812,0.0,0.0,0.0,0.0,0.0,0.5,0.0,0.132,0.031,36,100.0,0.0,0,0.0,0.0,0.0,0.0,0.0,0.0,0,0,,,36,0
qwen3-14b@iq4_xs-thinking,42,0,42,0,0.0,0.0,24.571,6.551,1032,38,253,36.822,245.155,281.977,73.856,37.333,36.667,0.666,0.97,4569.81,222.399,0.0,0.0,0.0,0.0,0.0,0.5,0.0,0.123,0.033,42,100.0,0.0,0,0.0,0.0,0.0,0.0,0.0,0.0,0,0,,,42,0
qwq-32b,33,0,33,0,0.0,0.0,24.606,5.524,812,3,92,3.695,113.3,116.995,32.323,37.03,33.636,3.394,1.634,8158.042,345.341,0.0,0.0,0.0,0.0,0.0,0.5,0.0,0.123,0.028,33,100.0,0.0,0,0.0,0.0,0.04334,0.00994,1.74422,0.07707,0,0,,,33,0
qwen3-32b-cerebras-thinking,47,0,47,0,0.0,0.0,24.191,4.93,1137,22,363,19.349,319.261,338.61,39.488,36.0,34.426,1.574,1.323,4434.829,546.566,0.0,0.0,0.0,0.0,0.0,0.5,0.0,0.121,0.025,47,100.0,0.0,0,0.0,0.0,0.08968,0.02001,3.71784,0.43843,0,0,,,47,0
mistral-small-24b-instruct-2501@q4_k_m,42,0,42,0,0.0,0.0,20.333,5.061,854,3,123,3.513,144.028,147.541,39.782,37.405,37.738,-0.333,0.92,110.948,4.958,0.0,0.0,0.0,0.0,0.0,0.5,0.0,0.102,0.025,42,100.0,0.0,0,0.0,0.0,0.0,0.0,0.0,0.0,0,0,,,42,0
qwen-turbo-2024-11-01,33,0,33,0,0.0,0.0,20.424,4.77,674,4,95,5.935,140.95,146.884,60.204,38.0,38.333,-0.333,1.047,192.368,26.099,0.0,0.0,0.0,0.0,0.0,0.5,0.0,0.102,0.024,33,100.0,0.0,0,0.0,0.0,0.00158,0.00033,0.08408,0.00776,0,0,,,33,0
gemma-3-12b-it@q8_0,67,0,67,0,0.0,0.0,17.209,4.395,1153,161,37,139.636,32.09,171.726,45.888,37.06,38.06,-1.0,0.651,151.108,7.006,0.0,0.0,0.0,0.0,0.0,0.0,0.0,0.099,0.035,66,98.507,0.029,1,1.493,0.029,0.0,0.0,0.0,0.0,0,0,,,67,0
llama3-8b-8192,60,0,60,0,0.0,0.0,15.033,2.667,902,104,66,115.299,73.171,188.47,52.862,38.2,38.683,-0.483,0.552,57.02,7.384,0.0,0.0,0.0,0.0,0.0,0.5,0.0,0.075,0.013,60,100.0,0.0,0,0.0,0.0,0.00043,8e-05,0.03007,0.00297,0,0,,,60,0
gemma2-9b-it-groq,35,0,35,0,0.0,0.0,14.743,5.267,516,83,22,160.853,42.636,203.488,153.402,38.714,38.314,0.4,0.564,20.217,1.508,0.0,0.0,0.0,0.0,0.0,0.5,0.0,0.074,0.026,35,100.0,0.0,0,0.0,0.0,0.00202,0.00059,0.15771,0.01244,0,0,,,35,0
sky-t1-32b-preview,30,0,30,0,0.0,0.0,13.833,3.328,415,9,59,21.687,142.169,163.855,60.693,38.767,38.8,-0.033,0.345,1216.159,483.631,0.0,0.0,0.0,0.0,0.0,0.5,0.0,0.069,0.017,30,100.0,0.0,0,0.0,0.0,0.0,0.0,0.0,0.0,0,0,,,30,0
gpt-4.1-nano-2025-04-14,42,0,42,0,0.0,0.0,13.333,2.606,560,319,51,569.643,91.071,660.714,51.651,38.571,38.357,0.214,0.649,31.511,1.288,0.0,0.0,0.0,0.0,0.0,0.5,0.0,0.067,0.013,42,100.0,0.0,0,0.0,0.0,0.00105,0.00021,0.079,0.00213,0,0,,,42,0
qwen2.5-14b-instruct@q8_0,30,0,30,0,0.0,0.0,13.267,3.588,398,29,59,72.864,148.241,221.106,109.702,38.567,38.4,0.167,0.638,150.631,18.311,0.0,0.0,0.0,0.0,0.0,0.5,0.0,0.066,0.018,30,100.0,0.0,0,0.0,0.0,0.00956,0.00228,0.79847,0.09007,0,0,,,30,0
amazon.nova-pro-v1,33,0,33,0,0.0,0.0,11.758,2.828,388,11,88,28.351,226.804,255.155,74.471,38.455,38.909,-0.454,0.401,177.193,18.064,0.0,0.0,0.0,0.0,0.0,0.5,0.0,0.059,0.014,33,100.0,0.0,0,0.0,0.0,0.0,0.0,0.0,0.0,0,0,,,33,0
mercury-coder-small,60,0,60,0,0.0,0.0,10.833,1.795,650,0,223,0.0,343.077,343.077,35.053,38.85,38.633,0.217,0.367,837.838,34.22,0.0,0.0,0.0,0.0,0.0,0.5,0.0,0.054,0.009,60,100.0,0.0,0,0.0,0.0,0.03273,0.0052,3.0523,0.06385,0,0,,,60,0
gemma-3-27b-it@iq4_xs,67,0,67,0,0.0,0.0,9.672,1.238,648,16,185,24.691,285.494,310.185,47.351,38.06,38.896,-0.836,0.571,115.843,4.575,0.0,0.0,0.0,0.0,0.0,0.5,0.0,0.048,0.006,67,100.0,0.0,0,0.0,0.0,0.0,0.0,0.0,0.0,0,0,,,67,0
qwen2.5-7b-instruct-1m,42,0,42,0,0.0,0.0,9.667,2.112,406,33,93,81.281,229.064,310.345,147.803,38.738,38.714,0.024,0.195,140.791,16.126,0.0,0.0,0.0,0.0,0.0,0.5,0.0,0.048,0.011,42,100.0,0.0,0,0.0,0.0,0.0001,2e-05,0.012,0.00112,0,0,,,42,0
magistral-small-2506,42,0,42,0,0.0,0.0,9.667,2.078,406,137,86,337.438,211.823,549.261,113.627,38.571,38.548,0.023,0.607,1904.635,1138.718,0.0,0.0,0.0,0.0,0.0,0.5,0.0,0.048,0.01,42,100.0,0.0,0,0.0,0.0,0.0,0.0,0.0,0.0,0,0,,,42,0
ministral-8b-instruct-2410,30,0,30,0,0.0,0.0,9.4,2.473,282,56,34,198.582,120.567,319.149,187.553,38.767,38.6,0.167,0.565,72.113,12.894,0.0,0.0,0.0,0.0,0.0,0.5,0.0,0.047,0.012,30,100.0,0.0,0,0.0,0.0,0.0,0.0,0.0,0.0,0,0,,,30,0
mistral-small-instruct-2409,30,0,30,0,0.0,0.0,9.067,1.905,272,58,32,213.235,117.647,330.882,136.374,38.867,38.833,0.034,0.175,88.243,21.229,0.0,0.0,0.0,0.0,0.0,0.5,0.0,0.045,0.01,30,100.0,0.0,0,0.0,0.0,0.00026,6e-05,0.02858,0.00322,0,0,,,30,0
qwq-32b-preview@q4_k_m,30,0,30,0,0.0,0.0,7.967,1.734,239,44,17,184.1,71.13,255.23,157.304,38.867,38.967,-0.1,0.217,2908.0,407.07,0.0,0.0,0.0,0.0,0.0,0.5,0.0,0.04,0.009,30,100.0,0.0,0,0.0,0.0,0.01166,0.00228,1.63503,0.27835,0,0,,,30,0
phi-4,30,0,30,0,0.0,0.0,7.733,1.657,232,44,46,189.655,198.276,387.931,77.509,39.0,39.0,0.0,0.0,333.543,40.983,0.0,0.0,0.0,0.0,0.0,0.5,0.0,0.039,0.008,30,100.0,0.0,0,0.0,0.0,0.00065,0.00011,0.09317,0.0141,0,0,,,30,0
qwen2.5-14b-instruct-1m,42,0,42,0,0.0,0.0,7.429,1.681,312,48,49,153.846,157.051,310.897,101.602,38.857,38.952,-0.095,0.174,235.266,84.937,0.0,0.0,0.0,0.0,0.0,0.5,0.0,0.037,0.008,42,100.0,0.0,0,0.0,0.0,0.00849,0.0016,1.72795,0.50721,0,0,,,42,0
mistral-nemo-12b-instruct-2407,30,0,30,0,0.0,0.0,6.733,1.837,202,79,11,391.089,54.455,445.545,194.255,38.767,38.667,0.1,0.509,47.698,18.785,0.0,0.0,0.0,0.0,0.0,0.5,0.0,0.034,0.009,30,100.0,0.0,0,0.0,0.0,0.0,0.0,0.0,0.0,0,0,,,30,0
amazon.nova-lite-v1,42,0,42,0,0.0,0.0,4.619,0.785,194,50,46,257.732,237.113,494.845,161.202,38.952,38.929,0.023,0.156,534.381,189.878,0.0,0.0,0.0,0.0,0.0,0.5,0.0,0.023,0.004,42,100.0,0.0,0,0.0,0.0,0.0,0.0,0.0,0.0,0,0,,,42,0
gpt-35-turbo-0613,30,0,30,0,0.0,0.0,4.133,1.011,124,90,0,725.806,0.0,725.806,188.725,39.0,38.967,0.033,0.065,93.629,19.576,0.0,0.0,0.0,0.0,0.0,0.5,0.0,0.021,0.005,30,100.0,0.0,0,0.0,0.0,0.00273,0.00079,0.6126,0.04839,0,0,,,30,0
granite-3.1-8b-instruct,30,0,30,0,0.0,0.0,4.2,0.889,126,47,12,373.016,95.238,468.254,175.539,38.967,39.0,-0.033,0.065,469.127,204.839,0.0,0.0,0.0,0.0,0.0,0.5,0.0,0.021,0.004,30,100.0,0.0,0,0.0,0.0,0.00291,0.00058,0.9345,0.25927,0,0,,,30,0
gpt-35-turbo-1106,30,0,30,0,0.0,0.0,3.6,0.869,108,88,2,814.815,18.519,833.333,176.041,39.0,39.0,0.0,0.0,48.324,8.19,0.0,0.0,0.0,0.0,0.0,0.5,0.0,0.018,0.004,30,100.0,0.0,0,0.0,0.0,0.00108,0.00026,0.32298,0.05625,0,0,,,30,0
internlm3-8b-instruct,30,0,30,0,0.0,0.0,3.6,0.688,108,15,39,138.889,361.111,500.0,212.252,39.0,39.0,0.0,0.0,1543.898,429.669,0.0,0.0,0.0,0.0,0.0,0.5,0.0,0.018,0.003,30,100.0,0.0,0,0.0,0.0,0.01254,0.00281,4.47033,1.35451,0,0,,,30,0
llama-3.1-tulu-3-8b@q8_0,42,0,42,0,0.0,0.0,3.5,0.645,147,7,26,47.619,176.871,224.49,133.74,39.0,39.0,0.0,0.0,1996.333,593.78,0.0,0.0,0.0,0.0,0.0,0.5,0.0,0.018,0.003,42,100.0,0.0,0,0.0,0.0,0.00127,0.00018,0.45328,0.08565,0,0,,,42,0
deepseek-r1-distill-qwen-32b@q4_k_m,30,0,30,0,0.0,0.0,3.667,0.842,110,73,7,663.636,63.636,727.273,174.459,39.0,38.967,0.033,0.065,2173.827,409.717,0.0,0.0,0.0,0.0,0.0,0.5,0.0,0.018,0.004,30,100.0,0.0,0,0.0,0.0,0.00196,0.00038,0.60781,0.11455,0,0,,,30,0
deephermes-3-llama-3-8b-preview@q8,42,0,42,0,0.0,0.0,3.286,0.497,138,118,7,855.072,50.725,905.797,134.167,39.0,39.0,0.0,0.0,101.355,29.736,0.0,0.0,0.0,0.0,0.0,0.5,0.0,0.016,0.002,42,100.0,0.0,0,0.0,0.0,0.00145,0.00028,0.4895,0.10194,0,0,,,42,0
gpt-35-turbo-0125,30,0,30,0,0.0,0.0,2.867,0.669,86,90,0,1046.512,0.0,1046.512,144.684,39.0,39.0,0.0,0.0,82.023,16.04,0.0,0.0,0.0,0.0,0.0,0.5,0.0,0.014,0.003,30,100.0,0.0,0,0.0,0.0,0.00184,0.00038,0.66388,0.06205,0,0,,,30,0
deepseek-r1-distill-qwen-14b@q8_0,30,0,30,0,0.0,0.0,2.6,0.383,78,82,8,1051.282,102.564,1153.846,126.699,39.0,39.0,0.0,0.0,3073.064,294.833,0.0,0.0,0.0,0.0,0.0,0.5,0.0,0.013,0.002,30,100.0,0.0,0,0.0,0.0,0.00189,0.00023,0.76153,0.07312,0,0,,,30,0
gemini-2.0-flash-thinking-exp-1219,30,0,30,0,0.0,0.0,2.333,0.33,70,89,1,1271.429,14.286,1285.714,101.55,39.0,39.0,0.0,0.0,724.543,78.286,0.0,0.0,0.0,0.0,0.0,0.5,0.0,0.012,0.002,30,100.0,0.0,0,0.0,0.0,0.00103,0.00026,0.41891,0.0448,0,0,,,30,0
gpt-oss:20b-low,9,0,9,0,0.0,0.0,2.444,0.871,22,31,0,1409.091,0.0,1409.091,72.593,39,39,0.0,0.0,1074.136,742.374,0.0,0.0,0.0,0.0,0.0,0.5,0,0.012,0.004,9,100.0,0.0,0,0.0,0.0,0.0,0.0,0.0,0.0,26.647,45.629,,,9,0
gpt-35-turbo-0301,30,0,30,0,0.0,0.0,2.267,0.247,68,90,0,1323.529,0.0,1323.529,92.793,39.0,39.0,0.0,0.0,67.059,14.052,0.0,0.0,0.0,0.0,0.0,0.5,0.0,0.011,0.001,30,100.0,0.0,0,0.0,0.0,0.00119,0.00012,0.54574,0.05544,0,0,,,30,0
llama-2-7b-chat,30,0,30,0,0.0,0.0,2.133,0.182,64,88,2,1375.0,31.25,1406.25,68.091,39.0,39.0,0.0,0.0,116.312,68.493,0.0,0.0,0.0,0.0,0.0,0.5,0.0,0.011,0.001,30,100.0,0.0,0,0.0,0.0,9e-05,2e-05,0.04161,0.0062,0,0,,,30,0
o3-mini-2025-01-31-high,96,25,15,56,26.042,58.333,155.542,20.685,14932,177,165,11.854,11.05,22.904,6.384,12.989531249999999,3.2289687500000004,9.761,4.219,6455.605655371015,205.248,0.164,0.179,0.158,0.552,0.133,0.5887111111111112,0.13,0.97071875,0.069,6,6.25,0.0,90,93.75,0.0,4.456460624999999,0.57173,28.813501562499997,0.90403,8713.90009375,1437.786,449.547,72.893,0,96
o3-2025-04-16-medium_timeout-60m,11,0,11,0,0.0,0.0,81.182,23.158,893,2,3,2.24,3.359,5.599,4.956,7.364,19.636,-12.272,4.831,4331.889,380.335,0.0,0.0,0.0,0.0,0.0,0.0,0.0,0.849,0.199,2,18.182,0.228,9,81.818,0.228,14.31062,4.28103,176.81704,15.25697,8048.922,2299.917,,,0,11
claude-3-7-sonnet-20250219-thinking-budget-10000,33,0,22,11,0.0,33.333,121.061,21.552,3995,0,8,0.0,2.003,2.003,1.544,10.394,20.636,-10.242,2.2,655.824,26.284,0.0,0.161,0.161,0.167,0.082,0.167,0.082,1.0,0.0,0,0.0,0.0,33,100.0,0.0,1.41908,0.25213,11.62368,0.39857,1543.393,271.535,5.412,159.041,0,33
o1-2024-12-17,2,0,0,2,0.0,100.0,7.0,3.92,14,0,0,0.0,0.0,0.0,0.0,39,39,0.0,0.0,1124.0,354.586,0.0,0.0,0.0,0.5,0.0,0.5,0,0.035,0.02,2,100.0,0.0,0,0.0,0.0,0.51039,0.42504,69.756,21.65604,120.445,106.513,285.000,481.521,0,2
grok-3-mini-fast-beta-high,66,2,27,37,3.03,56.061,143.591,19.27,9477,10,240,1.055,25.324,26.38,5.894,7.0,10.969999999999999,-3.97,3.984,9.518989975730715,0.337,0.081,0.171,0.171,0.311,0.096,0.3105,0.096,1.0,0.0,0,0.0,0.0,66,100.0,0.0,0.03530500000000001,0.00451,0.24934,0.00597,4089.3940000000002,555.222,579.713,91.813,0,66
N/A,8,1,0,7,12.5,87.5,25.125,6.631,201,1,0,4.975,0.0,4.975,8.167,37.125,26.25,10.875,5.309,3724.816,513.187,0.229,0.229,0.0,0.562,0.122,1.0,0,0.232,0.218,7,87.5,0.229,1,12.5,0.229,0.0,0.0,0.0,0.0,4772.606,2417.986,453.658,242.664,0,8
o4-mini-2025-04-16-high_timeout-60m,6,2,4,0,33.333,0.0,59.667,46.243,358,9,1,25.14,2.793,27.933,14.217,29.167,21,8.167,4.995,5666.067,895.435,0.377,0.0,0.377,0.333,0.413,1.0,0.0,0.422,0.36,4,66.667,0.377,2,33.333,0.377,1.51437,1.17966,24.38383,3.95527,13511.517,7735.657,289.588,294.870,0,6
claude-3-7-sonnet-20250219-thinking-budget-5000,33,0,18,15,0.0,45.455,130.242,21.031,4298,0,13,0.0,3.025,3.025,1.688,9.576,15.879,-6.303,2.357,574.865,15.86,0.0,0.17,0.17,0.227,0.086,0.227,0.086,1.0,0.0,0,0.0,0.0,33,100.0,0.0,1.36934,0.21372,10.60906,0.24078,1640.758,267.849,72.408,141.435,0,33
o4-mini-2025-04-16-high_timeout-20m,29,11,10,8,37.931,27.586,97.207,20.543,2819,78,14,27.669,4.966,32.636,10.397,19.552,9.759,9.793,5.233,6040.973,276.498,0.177,0.163,0.173,0.517,0.157,0.682,0.152,0.806,0.129,7,24.138,0.156,22,75.862,0.156,2.62767,0.52216,27.59653,1.22217,10619.639,2201.881,421.985,126.529,0,29
